school,sex,age,address,famsize,Pstatus,Medu,Fedu,Mjob,Fjob,reason,guardian_mat,traveltime_mat,studytime_mat,failures_mat,schoolsup_mat,famsup_mat,paid_mat,activities_mat,nursery,higher_mat,internet,romantic_mat,famrel_mat,freetime_mat,goout_mat,Dalc_mat,Walc_mat,health_mat,absences_mat,guardian_por,traveltime_por,studytime_por,failures_por,schoolsup_por,famsup_por,paid_por,activities_por,higher_por,romantic_por,famrel_por,freetime_por,goout_por,Dalc_por,Walc_por,health_por,absences_por,G1_mat,G2_mat,G3_mat,G1_por,G2_por,G3_por
0.0,0.0,1.0,1.0,0.0,0.0,0.5,0.5,0.0,4.0,0.0,1.0,1.0,0.0,0.0,1.0,0.0,0.0,0.0,1.0,1.0,0.0,0.0,0.0,0.0,0.5,0.0,-0.5,-0.5,0.375,1.0,1.0,0.0,0.0,1.0,0.0,0.0,0.0,1.0,0.0,0.0,0.0,0.5,0.0,-0.5,-0.5,0.3333333333333333,5,6,6,0,11,11
0.0,0.0,0.0,1.0,0.0,1.0,-1.0,-1.0,0.0,2.0,0.0,0.0,0.0,0.0,0.0,0.0,1.0,0.0,0.0,0.0,1.0,1.0,0.0,1.0,0.0,0.0,0.0,-0.5,-0.5,0.125,0.0,0.0,0.0,0.0,0.0,1.0,0.0,0.0,1.0,0.0,1.0,0.0,0.0,0.0,-0.5,-0.5,0.0,5,5,6,9,11,11
0.0,0.0,-2.0,1.0,1.0,1.0,-1.0,-1.0,0.0,2.0,2.0,1.0,0.0,0.0,3.0,1.0,0.0,1.0,0.0,1.0,1.0,1.0,0.0,0.0,0.0,-0.5,1.0,0.5,-0.5,0.875,1.0,0.0,0.0,0.0,1.0,0.0,0.0,0.0,1.0,0.0,0.0,0.0,-0.5,1.0,0.5,-0.5,0.6666666666666666,7,8,10,12,13,12
0.0,0.0,-2.0,1.0,0.0,1.0,0.5,-0.5,1.0,3.0,1.0,1.0,0.0,1.0,0.0,0.0,1.0,1.0,1.0,1.0,1.0,1.0,1.0,-1.0,-1.0,-0.5,0.0,-0.5,0.5,-0.125,1.0,0.0,1.0,0.0,0.0,1.0,0.0,1.0,1.0,1.0,-1.0,-1.0,-0.5,0.0,-0.5,0.5,-0.3333333333333333,15,14,15,14,14,14
0.0,0.0,-1.0,1.0,0.0,1.0,0.0,0.0,2.0,2.0,1.0,0.0,0.0,0.0,0.0,0.0,1.0,1.0,0.0,1.0,1.0,0.0,0.0,0.0,0.0,-0.5,0.0,0.0,0.5,0.125,0.0,0.0,0.0,0.0,0.0,1.0,0.0,0.0,1.0,0.0,0.0,0.0,-0.5,0.0,0.0,0.5,-0.3333333333333333,6,10,10,11,13,13
0.0,1.0,-1.0,1.0,1.0,1.0,0.5,0.0,3.0,2.0,3.0,1.0,0.0,0.0,0.0,0.0,1.0,1.0,1.0,1.0,1.0,1.0,0.0,1.0,1.0,-0.5,0.0,0.0,0.5,0.875,1.0,0.0,0.0,0.0,0.0,1.0,0.0,1.0,1.0,0.0,1.0,1.0,-0.5,0.0,0.0,0.5,0.6666666666666666,15,15,15,12,12,13
0.0,1.0,-1.0,1.0,1.0,1.0,-0.5,-0.5,2.0,2.0,1.0,1.0,0.0,0.0,0.0,0.0,0.0,0.0,0.0,1.0,1.0,1.0,0.0,0.0,1.0,0.5,0.0,-0.5,-0.5,-0.375,1.0,0.0,0.0,0.0,0.0,0.0,0.0,0.0,1.0,0.0,0.0,1.0,0.5,0.0,-0.5,-0.5,-0.3333333333333333,12,12,11,13,12,13
0.0,0.0,0.0,1.0,0.0,0.0,0.5,0.5,2.0,4.0,1.0,1.0,1.0,0.0,0.0,1.0,1.0,0.0,0.0,1.0,1.0,0.0,0.0,0.0,-2.0,0.5,0.0,-0.5,-1.5,0.375,1.0,1.0,0.0,0.0,1.0,1.0,0.0,0.0,1.0,0.0,0.0,-2.0,0.5,0.0,-0.5,-1.5,0.0,6,5,6,10,13,13
0.0,1.0,-2.0,1.0,1.0,0.0,0.0,-0.5,3.0,2.0,1.0,1.0,0.0,0.0,0.0,0.0,1.0,1.0,0.0,1.0,1.0,1.0,0.0,0.0,-1.0,-0.5,0.0,-0.5,-1.5,-0.375,1.0,0.0,0.0,0.0,0.0,1.0,0.0,0.0,1.0,0.0,0.0,-1.0,-0.5,0.0,-0.5,-1.5,-0.3333333333333333,16,18,19,15,16,17
0.0,1.0,-2.0,1.0,0.0,1.0,0.0,0.5,2.0,2.0,1.0,1.0,0.0,0.0,0.0,0.0,1.0,1.0,1.0,1.0,1.0,1.0,0.0,1.0,2.0,-1.0,0.0,-0.5,0.5,-0.375,1.0,0.0,0.0,0.0,0.0,1.0,0.0,1.0,1.0,0.0,1.0,2.0,-1.0,0.0,-0.5,0.5,-0.3333333333333333,14,15,15,12,12,13
0.0,0.0,-2.0,1.0,0.0,1.0,0.5,0.5,4.0,1.0,3.0,1.0,0.0,0.0,0.0,0.0,1.0,1.0,0.0,1.0,1.0,1.0,0.0,-1.0,0.0,0.0,0.0,0.0,-1.0,-0.375,1.0,0.0,0.0,0.0,0.0,1.0,0.0,0.0,1.0,0.0,-1.0,0.0,0.0,0.0,0.0,-1.0,0.0,10,8,9,14,14,14
0.0,0.0,-2.0,1.0,0.0,1.0,-0.5,-1.0,3.0,2.0,3.0,0.0,2.0,1.0,0.0,0.0,1.0,0.0,1.0,1.0,1.0,1.0,0.0,1.0,-1.0,-0.5,0.0,-0.5,0.0,0.125,0.0,2.0,1.0,0.0,0.0,1.0,0.0,1.0,1.0,0.0,1.0,-1.0,-0.5,0.0,-0.5,0.0,-0.3333333333333333,10,12,12,10,12,13
0.0,1.0,-2.0,1.0,1.0,1.0,0.5,0.5,1.0,3.0,0.0,0.0,0.0,-1.0,0.0,0.0,1.0,1.0,1.0,1.0,1.0,1.0,0.0,0.0,0.0,0.0,0.0,0.5,0.5,-0.125,0.0,0.0,-1.0,0.0,0.0,1.0,0.0,1.0,1.0,0.0,0.0,0.0,0.0,0.0,0.5,0.5,-0.3333333333333333,14,14,14,12,13,12
0.0,1.0,-2.0,1.0,0.0,1.0,0.5,0.0,4.0,2.0,0.0,1.0,1.0,0.0,0.0,0.0,1.0,1.0,0.0,1.0,1.0,1.0,0.0,1.0,1.0,0.0,0.0,0.0,-0.5,-0.125,1.0,1.0,0.0,0.0,0.0,1.0,0.0,0.0,1.0,0.0,1.0,1.0,0.0,0.0,0.0,-0.5,-0.3333333333333333,10,10,11,12,12,13
0.0,1.0,-2.0,1.0,0.0,0.0,-0.5,-0.5,2.0,2.0,1.0,2.0,0.0,1.0,0.0,0.0,1.0,0.0,0.0,1.0,1.0,1.0,1.0,0.0,2.0,-0.5,0.0,-0.5,-0.5,-0.375,2.0,0.0,1.0,0.0,0.0,1.0,0.0,0.0,1.0,1.0,0.0,2.0,-0.5,0.0,-0.5,-0.5,-0.3333333333333333,14,16,16,14,14,15
0.0,0.0,-1.0,1.0,0.0,1.0,0.5,0.5,1.0,2.0,1.0,1.0,0.0,-1.0,0.0,0.0,1.0,0.0,0.0,1.0,1.0,1.0,0.0,0.0,1.0,0.5,0.0,0.0,-1.0,0.125,1.0,0.0,-1.0,0.0,0.0,1.0,0.0,0.0,1.0,0.0,0.0,1.0,0.5,0.0,0.0,-1.0,0.6666666666666666,14,14,14,17,17,17
0.0,0.0,-1.0,1.0,0.0,1.0,0.5,0.5,3.0,3.0,3.0,1.0,0.0,1.0,0.0,0.0,1.0,1.0,1.0,1.0,1.0,1.0,0.0,-1.0,-1.0,0.0,0.0,0.0,-1.0,0.375,1.0,0.0,1.0,0.0,0.0,1.0,0.0,1.0,1.0,0.0,-1.0,-1.0,0.0,0.0,0.0,-1.0,1.3333333333333333,13,14,14,13,13,14
0.0,0.0,-1.0,1.0,0.0,1.0,0.0,0.0,2.0,2.0,3.0,1.0,2.0,0.0,0.0,1.0,1.0,0.0,1.0,1.0,1.0,0.0,0.0,1.0,0.0,-0.5,0.0,-0.5,0.0,0.125,1.0,2.0,0.0,0.0,1.0,1.0,0.0,1.0,1.0,0.0,1.0,0.0,-0.5,0.0,-0.5,0.0,0.0,8,10,10,13,14,14
0.0,1.0,0.0,1.0,0.0,1.0,0.0,-0.5,3.0,3.0,0.0,1.0,0.0,-1.0,3.0,0.0,1.0,0.0,1.0,1.0,1.0,1.0,0.0,1.0,2.0,1.0,1.0,1.0,0.5,1.625,1.0,0.0,-1.0,3.0,0.0,1.0,1.0,1.0,1.0,0.0,1.0,2.0,1.0,1.0,1.0,0.5,0.0,6,5,5,8,8,7
0.0,1.0,-1.0,1.0,1.0,1.0,0.5,0.0,1.0,2.0,1.0,0.0,0.0,-1.0,0.0,0.0,0.0,1.0,1.0,1.0,1.0,1.0,0.0,-1.0,-2.0,0.0,0.0,0.5,0.5,0.125,0.0,0.0,-1.0,0.0,0.0,0.0,0.0,1.0,1.0,0.0,-1.0,-2.0,0.0,0.0,0.5,0.5,0.6666666666666666,8,10,10,12,12,12
0.0,1.0,-2.0,1.0,0.0,1.0,0.5,0.0,4.0,2.0,3.0,1.0,0.0,0.0,0.0,0.0,0.0,0.0,0.0,1.0,1.0,1.0,0.0,0.0,1.0,-1.0,0.0,-0.5,-1.5,-0.375,1.0,0.0,0.0,0.0,0.0,0.0,0.0,0.0,1.0,0.0,0.0,1.0,-1.0,0.0,-0.5,-1.5,-0.3333333333333333,13,14,15,12,13,14
0.0,1.0,-2.0,1.0,0.0,1.0,0.5,0.5,1.0,1.0,2.0,0.0,0.0,-1.0,0.0,0.0,1.0,1.0,0.0,1.0,1.0,1.0,0.0,1.0,1.0,-0.5,0.0,-0.5,0.5,-0.375,0.0,0.0,-1.0,0.0,0.0,1.0,1.0,0.0,1.0,0.0,1.0,1.0,-0.5,0.0,-0.5,0.5,-0.3333333333333333,12,15,15,11,12,12
0.0,1.0,-1.0,1.0,1.0,1.0,0.5,-0.5,4.0,2.0,0.0,1.0,0.0,0.0,0.0,0.0,0.0,0.0,1.0,1.0,1.0,1.0,0.0,0.0,2.0,-1.0,0.0,0.5,0.5,-0.125,1.0,0.0,0.0,0.0,0.0,0.0,0.0,1.0,1.0,0.0,0.0,2.0,-1.0,0.0,0.5,0.5,-0.3333333333333333,15,15,16,12,13,14
0.0,1.0,-1.0,1.0,1.0,1.0,-0.5,-0.5,2.0,2.0,3.0,1.0,1.0,0.0,0.0,0.0,1.0,0.0,1.0,1.0,1.0,1.0,0.0,1.0,1.0,0.5,1.0,1.0,0.5,-0.375,1.0,1.0,0.0,0.0,0.0,1.0,0.0,1.0,1.0,0.0,1.0,1.0,0.5,1.0,1.0,0.5,0.0,13,13,12,10,10,10
0.0,0.0,-2.0,0.0,0.0,1.0,-0.5,0.5,3.0,1.0,0.0,1.0,0.0,1.0,0.0,1.0,1.0,1.0,1.0,1.0,1.0,1.0,0.0,0.0,0.0,-0.5,0.0,-0.5,0.5,-0.125,1.0,0.0,1.0,0.0,1.0,1.0,0.0,1.0,1.0,0.0,0.0,0.0,-0.5,0.0,-0.5,0.5,0.0,10,9,8,10,11,10
0.0,0.0,-1.0,1.0,0.0,1.0,-0.5,-0.5,3.0,3.0,1.0,1.0,0.0,-1.0,2.0,0.0,1.0,1.0,0.0,0.0,1.0,1.0,0.0,-3.0,-1.0,-0.5,0.0,0.5,0.5,1.375,1.0,0.0,-1.0,0.0,0.0,1.0,0.0,0.0,1.0,0.0,-3.0,-1.0,-0.5,0.0,0.5,0.5,0.6666666666666666,6,9,8,10,11,12
0.0,1.0,-2.0,1.0,0.0,1.0,-0.5,-0.5,2.0,2.0,1.0,1.0,0.0,-1.0,0.0,0.0,1.0,1.0,0.0,1.0,1.0,1.0,0.0,0.0,-1.0,-0.5,0.0,0.0,0.5,-0.125,1.0,0.0,-1.0,0.0,0.0,1.0,0.0,0.0,1.0,0.0,0.0,-1.0,-0.5,0.0,0.0,0.5,1.0,12,12,11,11,12,12
0.0,1.0,-2.0,1.0,0.0,1.0,0.5,-0.5,1.0,3.0,2.0,1.0,0.0,-1.0,0.0,0.0,0.0,1.0,0.0,1.0,1.0,1.0,0.0,-2.0,-1.0,0.5,1.0,1.0,-1.5,0.125,1.0,0.0,-1.0,0.0,0.0,0.0,0.0,0.0,1.0,0.0,-2.0,-1.0,0.5,1.0,1.0,-1.5,-0.3333333333333333,15,16,15,11,11,11
0.0,1.0,-1.0,1.0,1.0,0.0,0.0,0.5,3.0,2.0,1.0,1.0,0.0,0.0,0.0,1.0,1.0,0.0,1.0,1.0,1.0,1.0,0.0,1.0,0.0,0.0,0.0,-0.5,0.5,0.125,1.0,0.0,0.0,0.0,1.0,1.0,1.0,1.0,1.0,0.0,1.0,0.0,0.0,0.0,-0.5,0.5,0.0,11,11,11,12,12,13
0.0,1.0,-1.0,1.0,0.0,1.0,0.5,0.5,4.0,4.0,1.0,1.0,0.0,0.0,0.0,0.0,1.0,1.0,1.0,1.0,1.0,1.0,1.0,0.0,1.0,1.0,4.0,1.5,0.5,1.625,1.0,0.0,0.0,0.0,0.0,1.0,1.0,1.0,1.0,1.0,0.0,1.0,1.0,4.0,1.5,0.5,0.3333333333333333,10,12,11,12,11,12
0.0,1.0,-2.0,1.0,0.0,1.0,0.5,0.5,1.0,3.0,1.0,1.0,0.0,0.0,0.0,0.0,1.0,1.0,0.0,0.0,1.0,1.0,0.0,1.0,1.0,-0.5,2.0,1.0,0.5,-0.375,1.0,0.0,0.0,0.0,0.0,1.0,1.0,0.0,1.0,0.0,1.0,1.0,-0.5,2.0,1.0,0.5,-0.3333333333333333,9,11,12,10,11,11
0.0,1.0,-2.0,1.0,0.0,1.0,0.5,0.5,3.0,3.0,3.0,1.0,1.0,0.0,0.0,0.0,1.0,0.0,1.0,1.0,1.0,1.0,0.0,0.0,0.0,-1.0,0.0,-0.5,0.5,-0.375,1.0,1.0,0.0,0.0,0.0,1.0,0.0,1.0,1.0,0.0,0.0,0.0,-1.0,0.0,-0.5,0.5,0.0,17,16,17,15,15,15
0.0,1.0,-2.0,0.0,0.0,1.0,0.5,0.0,4.0,0.0,0.0,1.0,0.0,0.0,0.0,0.0,1.0,0.0,1.0,1.0,1.0,1.0,1.0,0.0,2.0,-0.5,0.0,-0.5,0.5,-0.375,1.0,0.0,0.0,0.0,0.0,1.0,0.0,1.0,1.0,1.0,0.0,2.0,-0.5,0.0,-0.5,0.5,-0.3333333333333333,17,16,16,13,14,15
0.0,1.0,-2.0,1.0,1.0,1.0,0.0,0.0,2.0,2.0,0.0,1.0,0.0,0.0,0.0,0.0,0.0,0.0,1.0,0.0,1.0,1.0,0.0,1.0,0.0,-0.5,0.0,-0.5,-1.0,-0.375,1.0,0.0,0.0,0.0,0.0,0.0,0.0,1.0,1.0,0.0,1.0,0.0,-0.5,0.0,-0.5,-1.0,-0.3333333333333333,8,10,12,13,12,12
0.0,1.0,-1.0,1.0,0.0,1.0,0.0,-0.5,2.0,2.0,1.0,1.0,0.0,-1.0,0.0,0.0,1.0,1.0,0.0,0.0,1.0,1.0,0.0,1.0,1.0,0.0,0.0,-0.5,0.5,-0.375,1.0,0.0,-1.0,0.0,0.0,1.0,0.0,0.0,1.0,0.0,1.0,1.0,0.0,0.0,-0.5,0.5,0.3333333333333333,12,14,15,12,12,12
0.0,0.0,-2.0,1.0,0.0,1.0,-0.5,0.0,2.0,2.0,2.0,0.0,1.0,-1.0,0.0,0.0,1.0,0.0,1.0,1.0,1.0,0.0,0.0,-1.0,2.0,-1.0,0.0,-0.5,0.5,-0.375,0.0,1.0,-1.0,0.0,0.0,1.0,0.0,1.0,1.0,0.0,-1.0,2.0,-1.0,0.0,-0.5,0.5,0.3333333333333333,8,7,6,11,11,11
0.0,1.0,-2.0,1.0,1.0,1.0,0.5,0.0,4.0,3.0,1.0,1.0,0.0,1.0,0.0,0.0,1.0,0.0,1.0,1.0,1.0,1.0,0.0,1.0,1.0,0.0,0.0,-0.5,0.0,-0.125,1.0,0.0,1.0,0.0,0.0,1.0,0.0,1.0,1.0,0.0,1.0,1.0,0.0,0.0,-0.5,0.0,-0.3333333333333333,15,16,18,14,14,14
0.0,1.0,-1.0,0.0,0.0,0.0,0.5,0.5,2.0,4.0,3.0,1.0,1.0,1.0,0.0,0.0,1.0,0.0,1.0,1.0,1.0,1.0,1.0,-2.0,1.0,0.0,0.0,-0.5,0.5,0.5,1.0,1.0,1.0,0.0,0.0,1.0,0.0,1.0,1.0,1.0,-2.0,1.0,0.0,0.0,-0.5,0.5,0.3333333333333333,15,16,15,13,13,13
0.0,0.0,-2.0,0.0,0.0,1.0,0.0,0.5,3.0,1.0,0.0,1.0,0.0,1.0,0.0,1.0,1.0,1.0,1.0,1.0,1.0,1.0,0.0,0.0,0.0,-0.5,0.0,-0.5,0.5,-0.125,1.0,0.0,1.0,0.0,1.0,1.0,0.0,1.0,1.0,0.0,0.0,0.0,-0.5,0.0,-0.5,0.5,0.0,12,12,11,11,12,12
0.0,0.0,-2.0,0.0,0.0,1.0,-0.5,-0.5,0.0,2.0,3.0,1.0,0.0,-1.0,0.0,1.0,1.0,1.0,1.0,1.0,1.0,0.0,0.0,0.0,0.0,-1.0,0.0,-0.5,-1.0,0.625,1.0,0.0,-1.0,0.0,1.0,1.0,0.0,1.0,1.0,0.0,0.0,0.0,-1.0,0.0,-0.5,-1.0,1.0,14,13,13,14,13,12
0.0,0.0,-1.0,1.0,1.0,1.0,-0.5,-0.5,2.0,2.0,1.0,1.0,1.0,0.0,1.0,0.0,1.0,0.0,1.0,0.0,1.0,1.0,1.0,-1.0,0.0,0.0,0.0,0.0,-0.5,2.75,1.0,1.0,0.0,0.0,0.0,1.0,0.0,1.0,1.0,1.0,-1.0,0.0,0.0,0.0,0.0,-0.5,2.3333333333333335,7,10,11,11,11,10
0.0,1.0,-2.0,1.0,1.0,1.0,0.5,0.5,4.0,2.0,1.0,2.0,0.0,-1.0,0.0,0.0,1.0,0.0,0.0,0.0,1.0,1.0,1.0,1.0,1.0,0.0,1.0,1.0,0.5,0.625,2.0,0.0,-1.0,0.0,0.0,1.0,0.0,0.0,1.0,1.0,1.0,1.0,0.0,1.0,1.0,0.5,1.0,12,12,12,10,11,11
0.0,1.0,-2.0,1.0,0.0,1.0,0.5,0.5,3.0,4.0,0.0,0.0,0.0,0.0,0.0,0.0,1.0,0.0,1.0,1.0,1.0,1.0,0.0,0.0,0.0,0.0,0.0,-0.5,0.5,-0.125,0.0,0.0,0.0,0.0,0.0,1.0,0.0,1.0,1.0,0.0,0.0,0.0,0.0,0.0,-0.5,0.5,-0.3333333333333333,19,18,18,14,15,15
0.0,1.0,-2.0,1.0,0.0,1.0,-0.5,-0.5,3.0,3.0,0.0,0.0,0.0,-1.0,0.0,1.0,1.0,0.0,0.0,1.0,1.0,1.0,0.0,1.0,1.0,-1.0,0.0,-0.5,-1.5,-0.375,0.0,0.0,-1.0,0.0,1.0,1.0,0.0,0.0,1.0,0.0,1.0,1.0,-1.0,0.0,-0.5,-1.5,-0.3333333333333333,8,8,11,9,10,10
0.0,0.0,-1.0,1.0,1.0,1.0,-0.5,-0.5,2.0,0.0,0.0,0.0,1.0,0.0,1.0,1.0,0.0,0.0,1.0,1.0,1.0,1.0,0.0,0.0,0.0,0.0,1.0,0.0,0.5,1.375,0.0,1.0,0.0,1.0,1.0,0.0,0.0,1.0,1.0,0.0,0.0,0.0,0.0,1.0,0.0,0.5,2.0,10,10,9,10,11,11
0.0,0.0,-2.0,1.0,1.0,0.0,0.5,0.0,2.0,2.0,0.0,1.0,0.0,0.0,0.0,1.0,1.0,1.0,1.0,1.0,1.0,1.0,1.0,1.0,-1.0,-0.5,0.0,-0.5,0.5,0.625,1.0,0.0,0.0,0.0,1.0,1.0,1.0,1.0,1.0,1.0,1.0,-1.0,-0.5,0.0,-0.5,0.5,0.3333333333333333,8,8,6,10,11,11
0.0,0.0,-1.0,1.0,1.0,0.0,0.0,0.0,2.0,3.0,1.0,1.0,0.0,0.0,0.0,0.0,1.0,0.0,0.0,1.0,1.0,1.0,0.0,-2.0,0.0,1.0,0.0,1.0,-0.5,1.125,1.0,0.0,0.0,0.0,0.0,1.0,0.0,0.0,1.0,0.0,-2.0,0.0,1.0,0.0,1.0,-0.5,0.6666666666666666,11,12,11,13,12,13
0.0,1.0,-1.0,1.0,0.0,1.0,0.5,0.0,1.0,3.0,3.0,1.0,0.0,2.0,0.0,0.0,0.0,0.0,1.0,1.0,1.0,1.0,0.0,0.0,-1.0,-0.5,0.0,-0.5,-1.0,0.125,1.0,0.0,2.0,0.0,0.0,0.0,0.0,1.0,1.0,0.0,0.0,-1.0,-0.5,0.0,-0.5,-1.0,0.0,19,19,20,17,17,17
0.0,1.0,-2.0,1.0,0.0,1.0,0.5,-0.5,4.0,2.0,1.0,1.0,0.0,0.0,0.0,0.0,1.0,1.0,0.0,1.0,1.0,0.0,0.0,0.0,0.0,0.0,1.0,0.0,0.5,-0.125,1.0,0.0,0.0,0.0,0.0,1.0,0.0,0.0,1.0,0.0,0.0,0.0,0.0,1.0,0.0,0.5,0.3333333333333333,15,15,14,11,12,13
0.0,0.0,-2.0,1.0,0.0,1.0,0.5,0.5,3.0,4.0,2.0,0.0,0.0,0.0,1.0,1.0,1.0,0.0,1.0,0.0,1.0,1.0,0.0,0.0,1.0,0.5,0.0,-0.5,-0.5,-0.125,0.0,0.0,0.0,0.0,1.0,1.0,0.0,1.0,1.0,0.0,0.0,1.0,0.5,0.0,-0.5,-0.5,0.0,7,7,7,13,12,12
0.0,0.0,-1.0,1.0,1.0,1.0,-0.5,-0.5,3.0,3.0,0.0,1.0,2.0,0.0,0.0,0.0,1.0,1.0,0.0,1.0,1.0,1.0,0.0,0.0,0.0,0.0,1.0,0.5,0.0,-0.125,1.0,2.0,0.0,0.0,0.0,1.0,0.0,0.0,1.0,0.0,0.0,0.0,0.0,1.0,0.5,0.0,-0.3333333333333333,12,13,13,14,13,13
0.0,0.0,-2.0,1.0,1.0,1.0,0.5,-0.5,1.0,2.0,2.0,1.0,0.0,0.0,0.0,0.0,1.0,1.0,0.0,1.0,1.0,1.0,0.0,0.0,0.0,0.0,0.0,-0.5,0.5,-0.125,1.0,0.0,0.0,0.0,0.0,1.0,0.0,0.0,1.0,0.0,0.0,0.0,0.0,0.0,-0.5,0.5,-0.3333333333333333,11,13,13,16,14,16
0.0,1.0,-2.0,1.0,1.0,0.0,0.5,-0.5,1.0,1.0,2.0,0.0,1.0,-1.0,1.0,0.0,0.0,0.0,0.0,1.0,1.0,0.0,0.0,1.0,2.0,1.0,2.0,1.0,0.5,0.375,0.0,1.0,-1.0,0.0,0.0,0.0,0.0,0.0,1.0,0.0,1.0,2.0,1.0,2.0,1.0,0.5,0.3333333333333333,11,11,10,10,9,9
0.0,0.0,-2.0,1.0,0.0,1.0,0.5,0.5,3.0,3.0,0.0,1.0,0.0,-1.0,0.0,1.0,1.0,1.0,0.0,1.0,1.0,1.0,0.0,-1.0,0.0,0.5,1.0,0.5,0.5,-0.375,1.0,0.0,-1.0,0.0,1.0,1.0,0.0,0.0,1.0,0.0,-1.0,0.0,0.5,1.0,0.5,0.5,-0.3333333333333333,8,10,11,13,12,12
0.0,0.0,-2.0,1.0,1.0,0.0,0.0,0.0,2.0,2.0,2.0,1.0,0.0,-1.0,0.0,0.0,0.0,1.0,0.0,1.0,1.0,1.0,0.0,1.0,0.0,0.5,3.0,1.0,-1.5,0.375,1.0,0.0,-1.0,0.0,0.0,0.0,0.0,0.0,1.0,0.0,1.0,0.0,0.5,3.0,1.0,-1.5,-0.3333333333333333,10,13,13,13,12,13
0.0,0.0,-1.0,1.0,0.0,0.0,-0.5,-1.0,2.0,2.0,2.0,1.0,0.0,0.0,0.0,0.0,0.0,1.0,1.0,1.0,1.0,1.0,1.0,1.0,0.0,0.5,0.0,-0.5,-1.0,0.625,1.0,0.0,0.0,0.0,0.0,0.0,0.0,1.0,1.0,1.0,1.0,0.0,0.5,0.0,-0.5,-1.0,0.0,8,9,10,12,13,12
0.0,0.0,-2.0,1.0,0.0,0.0,0.5,0.0,3.0,3.0,3.0,1.0,0.0,0.0,0.0,0.0,1.0,1.0,1.0,1.0,1.0,1.0,0.0,0.0,0.0,-0.5,0.0,-0.5,-1.5,-0.375,1.0,0.0,0.0,0.0,0.0,1.0,0.0,1.0,1.0,0.0,0.0,0.0,-0.5,0.0,-0.5,-1.5,-0.3333333333333333,14,15,15,15,14,15
0.0,1.0,-2.0,1.0,0.0,1.0,0.5,0.5,4.0,1.0,3.0,1.0,0.0,0.0,0.0,0.0,1.0,0.0,1.0,1.0,1.0,0.0,0.0,-1.0,-1.0,-0.5,0.0,-0.5,0.5,0.125,1.0,0.0,0.0,0.0,0.0,1.0,0.0,1.0,1.0,0.0,-1.0,-1.0,-0.5,0.0,-0.5,0.5,1.0,14,15,15,15,15,16
0.0,1.0,-2.0,1.0,1.0,1.0,-1.0,-0.5,2.0,0.0,1.0,0.0,0.0,0.0,0.0,1.0,1.0,0.0,1.0,1.0,1.0,1.0,0.0,0.0,0.0,-0.5,0.0,-0.5,0.5,-0.125,0.0,0.0,0.0,0.0,1.0,1.0,0.0,1.0,1.0,0.0,0.0,0.0,-0.5,0.0,-0.5,0.5,-0.3333333333333333,9,10,9,14,13,14
0.0,0.0,-1.0,1.0,0.0,1.0,0.5,-0.5,3.0,2.0,0.0,1.0,0.0,0.0,0.0,0.0,1.0,0.0,0.0,1.0,1.0,1.0,0.0,0.0,-1.0,0.0,0.0,-0.5,0.5,-0.125,1.0,0.0,0.0,0.0,0.0,1.0,1.0,0.0,1.0,0.0,0.0,-1.0,0.0,0.0,-0.5,0.5,0.0,15,16,16,16,15,16
0.0,0.0,-1.0,0.0,0.0,1.0,0.5,0.5,1.0,4.0,2.0,1.0,0.0,0.0,0.0,0.0,1.0,0.0,1.0,1.0,1.0,0.0,0.0,-2.0,1.0,0.5,1.0,0.5,0.0,0.375,1.0,0.0,0.0,0.0,0.0,1.0,0.0,1.0,1.0,0.0,-2.0,1.0,0.5,1.0,0.5,0.0,-0.3333333333333333,10,11,11,17,16,16
0.0,0.0,-1.0,1.0,0.0,1.0,-1.0,-1.0,3.0,3.0,0.0,0.0,3.0,-1.0,0.0,1.0,1.0,0.0,1.0,0.0,1.0,1.0,1.0,1.0,2.0,1.0,4.0,1.5,0.5,0.375,0.0,3.0,-1.0,0.0,1.0,1.0,0.0,1.0,1.0,1.0,1.0,2.0,1.0,4.0,1.5,0.5,-0.3333333333333333,10,8,11,10,10,16
0.0,0.0,-1.0,1.0,1.0,1.0,-1.0,-0.5,2.0,3.0,3.0,0.0,0.0,0.0,0.0,1.0,0.0,0.0,1.0,1.0,1.0,1.0,0.0,0.0,1.0,0.0,0.0,-0.5,-1.5,0.125,0.0,0.0,0.0,0.0,1.0,0.0,0.0,1.0,1.0,0.0,0.0,1.0,0.0,0.0,-0.5,-1.5,-0.3333333333333333,8,10,9,13,13,10
0.0,0.0,-1.0,1.0,0.0,1.0,0.5,0.0,4.0,1.0,1.0,1.0,0.0,1.0,0.0,1.0,1.0,1.0,1.0,1.0,1.0,1.0,0.0,-1.0,1.0,0.5,1.0,1.0,0.0,-0.125,1.0,0.0,1.0,0.0,1.0,1.0,0.0,1.0,1.0,0.0,-1.0,1.0,0.5,1.0,1.0,0.0,-0.3333333333333333,10,9,9,14,13,13
0.0,0.0,-2.0,1.0,1.0,1.0,0.5,0.0,3.0,3.0,3.0,0.0,0.0,0.0,0.0,1.0,0.0,0.0,1.0,1.0,1.0,1.0,1.0,0.0,1.0,0.5,1.0,1.0,-1.0,-0.375,0.0,0.0,0.0,0.0,1.0,0.0,0.0,1.0,1.0,1.0,0.0,1.0,0.5,1.0,1.0,-1.0,-0.3333333333333333,10,10,10,13,12,12
0.0,0.0,-1.0,1.0,1.0,1.0,0.5,0.0,4.0,3.0,0.0,1.0,2.0,0.0,0.0,0.0,1.0,0.0,1.0,1.0,1.0,1.0,0.0,1.0,1.0,0.0,0.0,0.0,-1.5,-0.125,1.0,2.0,0.0,0.0,0.0,1.0,0.0,1.0,1.0,0.0,1.0,1.0,0.0,0.0,0.0,-1.5,0.0,16,15,15,16,15,16
0.0,1.0,-2.0,1.0,0.0,0.0,0.5,0.5,2.0,3.0,3.0,1.0,0.0,2.0,0.0,0.0,1.0,0.0,1.0,0.0,1.0,1.0,1.0,-3.0,0.0,0.0,4.0,1.5,-0.5,0.125,1.0,0.0,2.0,0.0,0.0,1.0,0.0,1.0,1.0,1.0,-3.0,0.0,0.0,4.0,1.5,-0.5,-0.3333333333333333,13,13,12,11,12,12
0.0,0.0,-1.0,1.0,0.0,1.0,0.0,-1.0,3.0,2.0,0.0,1.0,0.0,2.0,0.0,1.0,1.0,1.0,0.0,1.0,1.0,1.0,0.0,0.0,0.0,0.0,0.0,0.0,0.5,0.125,1.0,0.0,2.0,0.0,1.0,1.0,0.0,0.0,1.0,0.0,0.0,0.0,0.0,0.0,0.0,0.5,-0.3333333333333333,7,7,6,10,9,10
0.0,0.0,-2.0,0.0,1.0,1.0,-0.5,-0.5,1.0,3.0,3.0,1.0,1.0,0.0,0.0,1.0,1.0,1.0,0.0,1.0,1.0,1.0,0.0,0.0,-2.0,0.0,0.0,0.5,0.0,-0.125,1.0,1.0,0.0,0.0,1.0,1.0,0.0,0.0,1.0,0.0,0.0,-2.0,0.0,0.0,0.5,0.0,-0.3333333333333333,8,9,8,11,10,11
0.0,0.0,-2.0,0.0,1.0,1.0,0.0,-1.0,2.0,2.0,3.0,0.0,1.0,2.0,0.0,0.0,1.0,0.0,0.0,0.0,1.0,1.0,0.0,0.0,1.0,-0.5,1.0,0.5,-0.5,1.125,0.0,1.0,2.0,0.0,0.0,1.0,0.0,0.0,1.0,0.0,0.0,1.0,-0.5,1.0,0.5,-0.5,0.6666666666666666,16,16,16,15,15,15
0.0,1.0,-1.0,1.0,0.0,1.0,0.0,-1.0,2.0,2.0,3.0,0.0,1.0,2.0,0.0,0.0,1.0,1.0,0.0,1.0,1.0,1.0,0.0,0.0,0.0,-0.5,0.0,-0.5,0.5,-0.375,0.0,1.0,2.0,0.0,0.0,1.0,0.0,0.0,1.0,0.0,0.0,0.0,-0.5,0.0,-0.5,0.5,0.0,13,15,15,13,11,11
0.0,1.0,-2.0,1.0,0.0,1.0,0.5,-0.5,2.0,2.0,0.0,1.0,0.0,2.0,0.0,0.0,0.0,0.0,0.0,1.0,1.0,1.0,0.0,-1.0,0.0,0.0,0.0,-0.5,-0.5,-0.375,1.0,0.0,2.0,0.0,0.0,0.0,0.0,0.0,1.0,0.0,-1.0,0.0,0.0,0.0,-0.5,-0.5,-0.3333333333333333,10,10,10,11,9,10
0.0,0.0,-2.0,0.0,0.0,1.0,-1.0,-1.0,2.0,2.0,3.0,1.0,0.0,0.0,2.0,1.0,1.0,0.0,0.0,0.0,1.0,1.0,1.0,-1.0,0.0,0.5,1.0,1.0,0.5,-0.125,1.0,0.0,0.0,0.0,1.0,1.0,0.0,0.0,1.0,1.0,-1.0,0.0,0.5,1.0,1.0,0.5,0.0,8,6,5,13,11,11
0.0,1.0,-1.0,1.0,0.0,1.0,0.0,-1.0,2.0,2.0,3.0,1.0,0.0,-1.0,0.0,0.0,0.0,0.0,1.0,1.0,1.0,0.0,0.0,1.0,0.0,-0.5,1.0,0.0,0.5,-0.125,1.0,0.0,-1.0,0.0,0.0,0.0,0.0,1.0,1.0,0.0,1.0,0.0,-0.5,1.0,0.0,0.5,-0.3333333333333333,12,12,14,13,13,14
0.0,0.0,-1.0,1.0,0.0,1.0,0.0,0.0,2.0,3.0,1.0,1.0,0.0,0.0,0.0,1.0,1.0,1.0,1.0,1.0,1.0,1.0,0.0,0.0,0.0,0.0,1.0,1.0,0.5,6.375,1.0,0.0,0.0,0.0,1.0,1.0,0.0,1.0,1.0,0.0,0.0,0.0,0.0,1.0,1.0,0.5,0.3333333333333333,11,12,11,11,11,11
0.0,1.0,-2.0,1.0,0.0,1.0,0.5,0.0,4.0,2.0,1.0,1.0,0.0,0.0,0.0,0.0,1.0,1.0,1.0,1.0,1.0,1.0,0.0,0.0,0.0,0.0,1.0,0.5,0.5,0.375,1.0,0.0,0.0,0.0,0.0,1.0,0.0,1.0,1.0,0.0,0.0,0.0,0.0,1.0,0.5,0.5,-0.3333333333333333,9,9,10,11,11,11
0.0,1.0,-2.0,1.0,0.0,1.0,0.5,-1.5,4.0,2.0,0.0,1.0,1.0,2.0,0.0,0.0,0.0,0.0,1.0,1.0,1.0,1.0,0.0,-1.0,1.0,0.0,0.0,-0.5,-1.5,0.625,1.0,1.0,2.0,0.0,0.0,0.0,0.0,1.0,1.0,0.0,-1.0,1.0,0.0,0.0,-0.5,-1.5,-0.3333333333333333,11,11,10,12,11,11
0.0,0.0,-1.0,1.0,0.0,1.0,-0.5,-0.5,2.0,2.0,3.0,1.0,0.0,2.0,0.0,0.0,0.0,1.0,0.0,1.0,1.0,1.0,1.0,1.0,-1.0,0.0,0.0,0.5,-0.5,-0.375,1.0,0.0,2.0,0.0,0.0,0.0,0.0,0.0,1.0,1.0,1.0,-1.0,0.0,0.0,0.5,-0.5,-0.16666666666666666,11,11,11,13,13,13
0.0,1.0,0.0,1.0,0.0,1.0,-0.5,-1.0,2.0,2.0,1.0,1.0,1.0,-1.0,3.0,1.0,1.0,0.0,1.0,1.0,0.0,1.0,0.0,0.0,2.0,-1.0,0.0,-0.5,-0.5,-0.125,1.0,1.0,-1.0,3.0,1.0,1.0,0.0,1.0,0.0,0.0,0.0,2.0,-1.0,0.0,-0.5,-0.5,-0.3333333333333333,8,8,10,9,9,10
0.0,1.0,0.0,1.0,0.0,1.0,-0.5,-1.0,2.0,2.0,1.0,1.0,1.0,-1.0,3.0,1.0,1.0,0.0,1.0,1.0,0.0,1.0,0.0,0.0,2.0,-1.0,0.0,-0.5,-0.5,-0.125,1.0,0.0,-1.0,0.0,0.0,1.0,0.0,0.0,1.0,0.0,1.0,1.0,1.0,0.0,0.0,0.5,3.3333333333333335,8,8,10,9,7,6
0.0,1.0,0.0,1.0,0.0,1.0,-0.5,-1.0,2.0,2.0,1.0,1.0,0.0,-1.0,3.0,0.0,1.0,0.0,0.0,1.0,1.0,1.0,0.0,1.0,1.0,1.0,0.0,0.0,0.5,-0.375,1.0,1.0,-1.0,3.0,1.0,1.0,0.0,1.0,0.0,0.0,0.0,2.0,-1.0,0.0,-0.5,-0.5,-0.3333333333333333,5,0,0,9,9,10
0.0,1.0,0.0,1.0,0.0,1.0,-0.5,-1.0,2.0,2.0,1.0,1.0,0.0,-1.0,3.0,0.0,1.0,0.0,0.0,1.0,1.0,1.0,0.0,1.0,1.0,1.0,0.0,0.0,0.5,-0.375,1.0,0.0,-1.0,0.0,0.0,1.0,0.0,0.0,1.0,0.0,1.0,1.0,1.0,0.0,0.0,0.5,3.3333333333333335,5,0,0,9,7,6
0.0,0.0,-1.0,1.0,0.0,1.0,0.0,0.5,0.0,2.0,0.0,1.0,0.0,0.0,0.0,0.0,1.0,0.0,0.0,1.0,1.0,1.0,0.0,-2.0,1.0,0.0,0.0,0.0,-0.5,1.125,1.0,0.0,0.0,0.0,0.0,1.0,0.0,0.0,1.0,0.0,-2.0,1.0,0.0,0.0,0.0,-0.5,2.0,5,5,5,12,11,11
0.0,1.0,-2.0,1.0,0.0,1.0,-0.5,0.0,2.0,3.0,0.0,0.0,0.0,-1.0,0.0,1.0,1.0,1.0,1.0,0.0,1.0,1.0,1.0,-1.0,-1.0,-0.5,0.0,0.5,-0.5,-0.125,0.0,0.0,-1.0,0.0,1.0,1.0,0.0,1.0,1.0,1.0,-1.0,-1.0,-0.5,0.0,0.5,-0.5,-0.3333333333333333,10,12,12,11,11,12
0.0,1.0,-2.0,1.0,0.0,1.0,-0.5,0.0,2.0,2.0,1.0,1.0,0.0,1.0,0.0,1.0,0.0,1.0,0.0,0.0,1.0,1.0,0.0,1.0,0.0,-0.5,0.0,0.0,0.5,0.125,1.0,0.0,1.0,0.0,1.0,0.0,0.0,0.0,1.0,0.0,1.0,0.0,-0.5,0.0,0.0,0.5,0.0,11,10,11,10,9,9
0.0,0.0,-2.0,1.0,1.0,1.0,0.0,-0.5,3.0,2.0,3.0,1.0,0.0,0.0,0.0,0.0,1.0,1.0,0.0,1.0,1.0,1.0,0.0,0.0,1.0,0.5,0.0,-0.5,0.5,0.875,1.0,0.0,0.0,0.0,0.0,1.0,0.0,0.0,1.0,0.0,0.0,1.0,0.5,0.0,-0.5,0.5,0.3333333333333333,7,6,6,12,11,11
0.0,1.0,-2.0,1.0,1.0,1.0,-0.5,-0.5,3.0,3.0,1.0,1.0,1.0,0.0,0.0,0.0,0.0,1.0,1.0,1.0,1.0,1.0,0.0,1.0,0.0,0.0,0.0,0.5,0.0,0.125,1.0,1.0,0.0,0.0,0.0,0.0,1.0,1.0,1.0,0.0,1.0,0.0,0.0,0.0,0.5,0.0,0.0,15,15,15,13,12,13
0.0,0.0,-2.0,1.0,0.0,1.0,-1.0,-1.0,2.0,2.0,1.0,0.0,0.0,0.0,0.0,0.0,1.0,0.0,1.0,0.0,1.0,1.0,0.0,0.0,0.0,-0.5,1.0,0.5,0.0,-0.125,0.0,0.0,0.0,0.0,0.0,1.0,0.0,1.0,1.0,0.0,0.0,0.0,-0.5,1.0,0.5,0.0,0.0,9,10,10,13,12,12
0.0,0.0,-2.0,1.0,0.0,1.0,0.5,0.5,3.0,3.0,3.0,0.0,1.0,0.0,2.0,0.0,0.0,1.0,0.0,1.0,1.0,1.0,1.0,0.0,1.0,0.5,1.0,0.5,0.5,0.375,0.0,1.0,0.0,0.0,0.0,0.0,0.0,0.0,1.0,1.0,0.0,1.0,0.5,1.0,0.5,0.5,0.3333333333333333,7,9,8,12,11,12
0.0,0.0,-1.0,1.0,1.0,1.0,-0.5,-0.5,0.0,2.0,0.0,1.0,0.0,0.0,0.0,0.0,1.0,0.0,0.0,1.0,1.0,0.0,0.0,0.0,0.0,0.5,0.0,0.0,-1.0,0.125,1.0,0.0,0.0,0.0,0.0,1.0,0.0,0.0,1.0,0.0,0.0,0.0,0.5,0.0,0.0,-1.0,0.6666666666666666,8,7,6,13,11,11
0.0,0.0,-2.0,1.0,0.0,1.0,0.5,-0.5,2.0,2.0,3.0,1.0,0.0,1.0,0.0,0.0,1.0,0.0,1.0,1.0,1.0,1.0,0.0,1.0,0.0,0.0,0.0,0.5,-1.5,0.125,1.0,0.0,1.0,0.0,0.0,1.0,0.0,1.0,1.0,0.0,1.0,0.0,0.0,0.0,0.5,-1.5,0.3333333333333333,13,14,14,15,15,15
0.0,1.0,-1.0,1.0,0.0,1.0,-0.5,-0.5,3.0,2.0,3.0,0.0,1.0,0.0,1.0,0.0,0.0,1.0,1.0,0.0,1.0,1.0,0.0,0.0,1.0,-0.5,0.0,-0.5,-0.5,1.125,0.0,1.0,0.0,0.0,0.0,0.0,0.0,1.0,1.0,0.0,0.0,1.0,-0.5,0.0,-0.5,-0.5,0.6666666666666666,11,10,10,12,10,11
0.0,1.0,-1.0,1.0,1.0,0.0,0.5,0.5,4.0,1.0,3.0,1.0,0.0,0.0,0.0,0.0,1.0,0.0,0.0,1.0,1.0,0.0,0.0,0.0,-2.0,0.0,2.0,1.5,0.5,1.875,1.0,0.0,0.0,0.0,0.0,1.0,0.0,0.0,1.0,0.0,0.0,-2.0,0.0,2.0,1.5,0.5,0.6666666666666666,8,6,7,9,9,10
0.0,0.0,-1.0,1.0,0.0,1.0,0.0,0.0,2.0,2.0,1.0,1.0,0.0,1.0,0.0,0.0,1.0,1.0,0.0,1.0,1.0,1.0,1.0,0.0,0.0,0.0,0.0,0.5,0.0,-0.375,1.0,0.0,1.0,0.0,0.0,1.0,0.0,0.0,1.0,1.0,0.0,0.0,0.0,0.0,0.5,0.0,0.0,7,7,8,9,11,11
0.0,0.0,-2.0,1.0,0.0,1.0,0.5,0.0,3.0,2.0,3.0,1.0,0.0,-1.0,0.0,0.0,0.0,1.0,1.0,1.0,1.0,1.0,0.0,0.0,2.0,1.0,0.0,0.5,-1.5,0.125,1.0,0.0,-1.0,0.0,0.0,0.0,0.0,1.0,1.0,0.0,0.0,2.0,1.0,0.0,0.5,-1.5,0.6666666666666666,16,17,18,14,13,13
0.0,0.0,-1.0,1.0,1.0,1.0,0.0,-1.0,2.0,2.0,1.0,0.0,0.0,0.0,0.0,1.0,1.0,0.0,0.0,1.0,1.0,0.0,0.0,-1.0,0.0,0.0,1.0,0.5,-1.0,0.125,0.0,0.0,0.0,0.0,1.0,1.0,0.0,0.0,1.0,0.0,-1.0,0.0,0.0,1.0,0.5,-1.0,-0.3333333333333333,7,6,6,12,13,12
0.0,0.0,-1.0,1.0,0.0,1.0,0.5,-0.5,4.0,3.0,1.0,1.0,1.0,0.0,0.0,0.0,1.0,1.0,1.0,1.0,1.0,1.0,0.0,1.0,0.0,0.0,0.0,-0.5,-1.5,-0.375,1.0,1.0,0.0,0.0,0.0,1.0,0.0,1.0,1.0,0.0,1.0,0.0,0.0,0.0,-0.5,-1.5,0.0,11,10,10,13,14,14
0.0,1.0,-2.0,1.0,1.0,1.0,-0.5,-0.5,3.0,1.0,3.0,1.0,0.0,2.0,0.0,0.0,1.0,0.0,1.0,1.0,1.0,1.0,0.0,0.0,0.0,0.5,0.0,-0.5,0.0,0.375,1.0,0.0,2.0,0.0,0.0,1.0,0.0,1.0,1.0,0.0,0.0,0.0,0.5,0.0,-0.5,0.0,0.0,11,13,14,11,12,12
0.0,0.0,-2.0,0.0,0.0,1.0,-1.0,-1.0,0.0,2.0,1.0,1.0,1.0,2.0,1.0,1.0,1.0,1.0,1.0,1.0,1.0,1.0,0.0,-1.0,-2.0,-0.5,0.0,-0.5,-1.5,-0.125,1.0,1.0,2.0,0.0,1.0,1.0,1.0,1.0,1.0,0.0,-1.0,-2.0,-0.5,0.0,-0.5,-1.5,0.3333333333333333,7,10,10,13,13,13
0.0,1.0,-1.0,0.0,0.0,1.0,0.5,0.0,3.0,2.0,3.0,1.0,1.0,-1.0,0.0,1.0,1.0,0.0,1.0,0.0,1.0,1.0,0.0,-1.0,0.0,0.0,0.0,-0.5,0.0,-0.125,1.0,1.0,-1.0,0.0,1.0,1.0,1.0,1.0,1.0,0.0,-1.0,0.0,0.0,0.0,-0.5,0.0,0.6666666666666666,11,15,15,9,11,11
0.0,0.0,-1.0,1.0,0.0,1.0,-0.5,-1.0,2.0,2.0,0.0,1.0,0.0,0.0,0.0,0.0,1.0,1.0,0.0,1.0,1.0,0.0,1.0,0.0,0.0,1.0,0.0,-0.5,0.5,-0.125,1.0,0.0,0.0,0.0,0.0,1.0,0.0,0.0,1.0,1.0,0.0,0.0,1.0,0.0,-0.5,0.5,-0.3333333333333333,8,9,10,13,12,12
0.0,0.0,-1.0,1.0,0.0,1.0,0.5,0.5,2.0,2.0,3.0,1.0,0.0,-1.0,0.0,0.0,0.0,0.0,1.0,0.0,1.0,1.0,0.0,1.0,0.0,0.5,0.0,0.0,-1.5,0.375,1.0,0.0,-1.0,0.0,0.0,0.0,0.0,1.0,1.0,0.0,1.0,0.0,0.5,0.0,0.0,-1.5,0.3333333333333333,11,14,14,12,13,13
0.0,0.0,-1.0,1.0,0.0,1.0,0.5,0.0,2.0,0.0,0.0,1.0,0.0,1.0,0.0,1.0,1.0,1.0,0.0,1.0,1.0,1.0,0.0,1.0,0.0,1.0,0.0,-0.5,-0.5,-0.375,1.0,0.0,1.0,0.0,1.0,1.0,0.0,0.0,1.0,0.0,1.0,0.0,1.0,0.0,-0.5,-0.5,0.0,7,9,8,12,13,13
0.0,1.0,-1.0,1.0,0.0,1.0,0.5,0.5,3.0,3.0,2.0,1.0,0.0,-1.0,0.0,1.0,1.0,1.0,1.0,1.0,1.0,1.0,0.0,0.0,2.0,1.0,4.0,1.5,0.0,1.375,1.0,0.0,-1.0,0.0,1.0,1.0,0.0,1.0,1.0,0.0,0.0,2.0,1.0,4.0,1.5,0.0,1.6666666666666667,7,7,5,9,9,8
0.0,1.0,-1.0,1.0,0.0,1.0,0.5,0.5,3.0,4.0,2.0,0.0,0.0,1.0,0.0,0.0,1.0,0.0,1.0,1.0,1.0,1.0,1.0,0.0,1.0,0.0,0.0,-0.5,0.0,-0.375,0.0,0.0,1.0,0.0,0.0,1.0,0.0,1.0,1.0,1.0,0.0,1.0,0.0,0.0,-0.5,0.0,-0.3333333333333333,16,17,17,16,16,16
0.0,1.0,-2.0,1.0,0.0,1.0,0.5,0.5,3.0,2.0,0.0,1.0,0.0,-1.0,0.0,0.0,1.0,0.0,1.0,0.0,1.0,1.0,0.0,1.0,0.0,0.0,0.0,-0.5,0.5,0.125,1.0,0.0,-1.0,0.0,0.0,1.0,1.0,1.0,1.0,0.0,1.0,0.0,0.0,0.0,-0.5,0.5,0.0,10,13,14,12,13,12
0.0,0.0,-2.0,1.0,0.0,1.0,0.0,-0.5,3.0,2.0,1.0,1.0,1.0,0.0,0.0,1.0,1.0,1.0,0.0,1.0,1.0,1.0,0.0,0.0,0.0,1.0,0.0,-0.5,-1.0,2.875,1.0,1.0,0.0,0.0,1.0,1.0,0.0,0.0,1.0,0.0,0.0,0.0,1.0,0.0,-0.5,-1.0,2.3333333333333335,7,6,6,11,10,10
0.0,1.0,-2.0,1.0,0.0,0.0,0.0,0.5,3.0,2.0,0.0,1.0,0.0,0.0,0.0,0.0,1.0,1.0,1.0,1.0,1.0,1.0,0.0,1.0,1.0,0.5,0.0,-0.5,-1.5,-0.375,1.0,0.0,0.0,0.0,0.0,1.0,0.0,1.0,1.0,0.0,1.0,1.0,0.5,0.0,-0.5,-1.5,-0.3333333333333333,16,18,18,16,16,16
0.0,0.0,-2.0,1.0,0.0,0.0,0.0,0.0,2.0,1.0,3.0,0.0,0.0,2.0,0.0,1.0,0.0,0.0,0.0,1.0,1.0,0.0,0.0,0.0,0.0,0.0,0.0,-0.5,0.0,0.875,0.0,0.0,2.0,0.0,1.0,0.0,0.0,0.0,1.0,0.0,0.0,0.0,0.0,0.0,-0.5,0.0,1.3333333333333333,10,11,11,10,10,10
0.0,0.0,-2.0,1.0,0.0,1.0,-0.5,-0.5,2.0,2.0,0.0,1.0,0.0,2.0,0.0,1.0,1.0,1.0,0.0,1.0,1.0,1.0,0.0,1.0,-2.0,-0.5,0.0,-0.5,-0.5,0.625,1.0,0.0,2.0,0.0,1.0,1.0,0.0,0.0,1.0,0.0,1.0,-2.0,-0.5,0.0,-0.5,-0.5,0.3333333333333333,7,8,8,10,10,10
0.0,1.0,-1.0,1.0,0.0,1.0,0.0,0.0,3.0,2.0,1.0,0.0,0.0,1.0,0.0,0.0,1.0,0.0,1.0,1.0,1.0,1.0,0.0,1.0,0.0,0.0,0.0,-0.5,0.5,-0.125,0.0,0.0,1.0,0.0,0.0,1.0,0.0,1.0,1.0,0.0,1.0,0.0,0.0,0.0,-0.5,0.5,0.3333333333333333,16,18,18,13,14,14
0.0,1.0,-1.0,1.0,0.0,1.0,0.0,0.0,3.0,2.0,1.0,0.0,0.0,1.0,0.0,0.0,1.0,0.0,1.0,1.0,1.0,1.0,0.0,1.0,0.0,0.0,0.0,-0.5,0.5,-0.125,1.0,0.0,0.0,0.0,0.0,0.0,0.0,1.0,1.0,1.0,0.0,-1.0,0.0,0.0,0.0,-0.5,-0.3333333333333333,16,18,18,11,12,13
0.0,1.0,-1.0,1.0,0.0,1.0,0.0,0.0,3.0,2.0,1.0,1.0,0.0,0.0,0.0,0.0,0.0,1.0,1.0,1.0,1.0,1.0,1.0,0.0,-1.0,0.0,0.0,0.0,-0.5,-0.125,0.0,0.0,1.0,0.0,0.0,1.0,0.0,1.0,1.0,0.0,1.0,0.0,0.0,0.0,-0.5,0.5,0.3333333333333333,12,13,12,13,14,14
0.0,1.0,-1.0,1.0,0.0,1.0,0.0,0.0,3.0,2.0,1.0,1.0,0.0,0.0,0.0,0.0,0.0,1.0,1.0,1.0,1.0,1.0,1.0,0.0,-1.0,0.0,0.0,0.0,-0.5,-0.125,1.0,0.0,0.0,0.0,0.0,0.0,0.0,1.0,1.0,1.0,0.0,-1.0,0.0,0.0,0.0,-0.5,-0.3333333333333333,12,13,12,11,12,13
0.0,1.0,-2.0,0.0,0.0,1.0,0.5,0.5,2.0,2.0,1.0,0.0,3.0,2.0,0.0,0.0,1.0,1.0,1.0,1.0,1.0,1.0,1.0,-3.0,0.0,1.0,2.0,1.5,-1.5,0.375,0.0,3.0,2.0,0.0,0.0,1.0,0.0,1.0,1.0,1.0,-3.0,0.0,1.0,2.0,1.5,-1.5,1.0,10,13,13,12,10,11
0.0,0.0,-1.0,1.0,1.0,1.0,0.5,0.5,1.0,1.0,2.0,1.0,0.0,1.0,0.0,0.0,1.0,1.0,1.0,1.0,1.0,1.0,1.0,1.0,1.0,1.0,0.0,-0.5,0.0,0.125,1.0,0.0,1.0,0.0,0.0,1.0,0.0,1.0,1.0,1.0,1.0,1.0,1.0,0.0,-0.5,0.0,0.0,14,15,16,15,15,14
0.0,1.0,-2.0,1.0,1.0,0.0,0.5,0.5,4.0,4.0,0.0,1.0,0.0,-1.0,0.0,0.0,0.0,0.0,1.0,1.0,1.0,1.0,0.0,1.0,2.0,0.0,0.0,-0.5,0.0,0.375,1.0,0.0,-1.0,0.0,0.0,0.0,0.0,1.0,1.0,0.0,1.0,2.0,0.0,0.0,-0.5,0.0,0.3333333333333333,18,19,19,13,14,14
0.0,0.0,-1.0,0.0,0.0,1.0,0.0,0.0,3.0,2.0,3.0,0.0,0.0,1.0,1.0,1.0,1.0,0.0,1.0,1.0,1.0,1.0,0.0,0.0,-2.0,-0.5,0.0,-0.5,-1.0,-0.375,0.0,0.0,1.0,0.0,1.0,1.0,0.0,1.0,1.0,0.0,0.0,-2.0,-0.5,0.0,-0.5,-1.0,0.3333333333333333,7,10,10,11,11,11
0.0,0.0,-1.0,1.0,0.0,1.0,-0.5,-0.5,0.0,2.0,1.0,1.0,0.0,0.0,1.0,1.0,0.0,0.0,1.0,1.0,1.0,1.0,0.0,-1.0,-2.0,-0.5,0.0,-0.5,0.5,0.375,1.0,0.0,0.0,1.0,1.0,0.0,0.0,1.0,1.0,0.0,-1.0,-2.0,-0.5,0.0,-0.5,0.5,1.6666666666666667,10,13,13,8,10,10
0.0,1.0,-2.0,1.0,1.0,1.0,0.5,-0.5,4.0,2.0,0.0,1.0,0.0,-1.0,0.0,0.0,0.0,0.0,0.0,1.0,1.0,1.0,0.0,-1.0,2.0,-0.5,0.0,-0.5,-0.5,0.875,1.0,0.0,-1.0,0.0,0.0,0.0,0.0,0.0,1.0,0.0,-1.0,2.0,-0.5,0.0,-0.5,-0.5,1.3333333333333333,18,19,19,18,17,18
0.0,1.0,-2.0,0.0,0.0,1.0,-0.5,-1.0,1.0,3.0,3.0,1.0,0.0,0.0,0.0,0.0,0.0,0.0,1.0,1.0,1.0,1.0,1.0,1.0,1.0,-0.5,0.0,-0.5,0.5,0.625,1.0,0.0,0.0,0.0,0.0,0.0,0.0,1.0,1.0,1.0,1.0,1.0,-0.5,0.0,-0.5,0.5,0.3333333333333333,9,9,9,10,9,10
0.0,1.0,-1.0,1.0,0.0,1.0,0.5,0.5,4.0,4.0,0.0,0.0,0.0,0.0,0.0,0.0,1.0,0.0,1.0,1.0,1.0,1.0,0.0,1.0,1.0,0.5,0.0,0.0,0.5,-0.125,0.0,0.0,0.0,0.0,0.0,1.0,0.0,1.0,1.0,0.0,1.0,1.0,0.5,0.0,0.0,0.5,0.6666666666666666,15,15,16,16,14,14
0.0,1.0,-1.0,1.0,0.0,1.0,0.5,0.5,4.0,4.0,0.0,0.0,0.0,0.0,0.0,0.0,1.0,0.0,1.0,1.0,1.0,1.0,0.0,1.0,1.0,0.5,0.0,0.0,0.5,-0.125,1.0,0.0,-1.0,0.0,0.0,1.0,0.0,0.0,0.0,1.0,-1.0,0.0,-0.5,1.0,-0.5,0.5,2.3333333333333335,15,15,16,9,9,8
0.0,1.0,-1.0,1.0,0.0,1.0,0.5,0.5,4.0,4.0,0.0,1.0,0.0,-1.0,0.0,0.0,1.0,0.0,0.0,1.0,0.0,1.0,1.0,-1.0,0.0,-0.5,1.0,-0.5,0.5,-0.375,0.0,0.0,0.0,0.0,0.0,1.0,0.0,1.0,1.0,0.0,1.0,1.0,0.5,0.0,0.0,0.5,0.6666666666666666,7,6,0,16,14,14
0.0,1.0,-1.0,1.0,0.0,1.0,0.5,0.5,4.0,4.0,0.0,1.0,0.0,-1.0,0.0,0.0,1.0,0.0,0.0,1.0,0.0,1.0,1.0,-1.0,0.0,-0.5,1.0,-0.5,0.5,-0.375,1.0,0.0,-1.0,0.0,0.0,1.0,0.0,0.0,0.0,1.0,-1.0,0.0,-0.5,1.0,-0.5,0.5,2.3333333333333335,7,6,0,9,9,8
0.0,1.0,-2.0,1.0,0.0,1.0,0.5,0.5,2.0,4.0,3.0,0.0,1.0,0.0,0.0,0.0,1.0,0.0,1.0,1.0,1.0,0.0,0.0,0.0,1.0,0.0,0.0,-0.5,-1.0,-0.125,0.0,1.0,0.0,0.0,0.0,1.0,0.0,1.0,1.0,0.0,0.0,1.0,0.0,0.0,-0.5,-1.0,0.3333333333333333,11,13,14,16,15,16
0.0,1.0,-1.0,1.0,0.0,1.0,0.0,0.0,2.0,3.0,1.0,0.0,1.0,-1.0,0.0,0.0,0.0,0.0,1.0,1.0,1.0,1.0,0.0,1.0,1.0,-0.5,0.0,-0.5,0.5,-0.375,0.0,1.0,-1.0,0.0,0.0,0.0,0.0,1.0,1.0,0.0,1.0,1.0,-0.5,0.0,-0.5,0.5,0.6666666666666666,13,14,13,14,14,15
0.0,1.0,0.0,0.0,0.0,1.0,-1.0,0.0,2.0,2.0,0.0,0.0,2.0,0.0,1.0,0.0,1.0,0.0,1.0,1.0,1.0,1.0,0.0,1.0,-1.0,0.5,0.0,1.0,0.5,2.125,0.0,2.0,0.0,1.0,0.0,1.0,0.0,1.0,1.0,0.0,1.0,-1.0,0.5,0.0,1.0,0.5,2.0,9,7,8,12,11,11
0.0,1.0,-2.0,1.0,0.0,1.0,0.0,0.5,2.0,2.0,3.0,0.0,0.0,-1.0,0.0,0.0,0.0,0.0,0.0,1.0,1.0,1.0,0.0,-1.0,1.0,0.0,0.0,0.0,0.0,0.375,0.0,0.0,-1.0,0.0,0.0,0.0,0.0,0.0,1.0,0.0,-1.0,1.0,0.0,0.0,0.0,0.0,0.0,14,13,13,14,13,14
0.0,0.0,-2.0,1.0,0.0,1.0,-1.0,-0.5,0.0,3.0,0.0,1.0,0.0,0.0,0.0,0.0,0.0,0.0,0.0,0.0,1.0,1.0,0.0,-1.0,-1.0,0.0,0.0,0.0,-1.5,-0.125,1.0,0.0,0.0,0.0,0.0,0.0,0.0,0.0,1.0,0.0,-1.0,-1.0,0.0,0.0,0.0,-1.5,-0.3333333333333333,16,15,15,14,14,14
0.0,1.0,-2.0,1.0,0.0,1.0,-0.5,-0.5,3.0,3.0,1.0,0.0,0.0,2.0,0.0,0.0,1.0,1.0,1.0,1.0,1.0,1.0,0.0,1.0,2.0,0.5,0.0,0.0,0.5,0.375,0.0,0.0,2.0,0.0,0.0,1.0,0.0,1.0,1.0,0.0,1.0,2.0,0.5,0.0,0.0,0.5,0.6666666666666666,16,14,15,14,13,13
0.0,0.0,-1.0,1.0,1.0,1.0,-0.5,0.5,2.0,1.0,0.0,0.0,1.0,0.0,0.0,0.0,1.0,1.0,1.0,1.0,1.0,1.0,1.0,0.0,-1.0,-0.5,0.0,0.0,0.5,-0.125,0.0,1.0,0.0,0.0,0.0,1.0,0.0,1.0,1.0,1.0,0.0,-1.0,-0.5,0.0,0.0,0.5,0.0,13,13,13,14,12,13
0.0,1.0,-1.0,1.0,0.0,1.0,0.5,0.5,1.0,2.0,0.0,1.0,0.0,-1.0,0.0,0.0,1.0,0.0,1.0,1.0,1.0,1.0,0.0,-1.0,1.0,0.5,0.0,1.0,0.5,1.875,1.0,0.0,-1.0,0.0,0.0,1.0,0.0,1.0,1.0,0.0,-1.0,1.0,0.5,0.0,1.0,0.5,0.3333333333333333,14,11,13,12,13,13
0.0,0.0,-1.0,1.0,0.0,1.0,-0.5,-0.5,2.0,2.0,1.0,1.0,0.0,0.0,0.0,0.0,0.0,1.0,0.0,1.0,1.0,1.0,1.0,1.0,1.0,0.5,0.0,-0.5,0.5,-0.375,1.0,0.0,0.0,0.0,0.0,0.0,0.0,0.0,1.0,1.0,1.0,1.0,0.5,0.0,-0.5,0.5,-0.3333333333333333,8,7,8,12,11,11
0.0,1.0,-2.0,1.0,0.0,1.0,0.0,0.5,3.0,3.0,1.0,0.0,0.0,-1.0,0.0,1.0,0.0,0.0,0.0,1.0,1.0,1.0,0.0,1.0,2.0,1.0,2.0,0.0,0.5,-0.375,0.0,0.0,-1.0,0.0,1.0,0.0,0.0,0.0,1.0,0.0,1.0,2.0,1.0,2.0,0.0,0.5,0.0,13,13,12,9,9,9
0.0,0.0,-2.0,1.0,1.0,0.0,0.0,0.5,2.0,2.0,1.0,1.0,0.0,0.0,0.0,1.0,0.0,0.0,1.0,1.0,1.0,1.0,1.0,1.0,0.0,-0.5,0.0,-0.5,-1.5,-0.375,1.0,0.0,0.0,0.0,1.0,0.0,0.0,1.0,1.0,1.0,1.0,0.0,-0.5,0.0,-0.5,-1.5,-0.3333333333333333,7,10,11,10,11,11
0.0,0.0,2.0,1.0,0.0,1.0,-1.5,-1.0,0.0,2.0,0.0,2.0,0.0,0.0,3.0,0.0,1.0,0.0,0.0,0.0,0.0,0.0,0.0,-1.0,1.0,-0.5,0.0,-0.5,0.5,-0.125,2.0,0.0,0.0,2.0,0.0,1.0,0.0,0.0,0.0,0.0,-1.0,1.0,-0.5,0.0,-0.5,0.5,-0.3333333333333333,7,8,9,9,10,11
0.0,1.0,-1.0,0.0,0.0,1.0,0.5,0.5,4.0,4.0,0.0,1.0,0.0,-1.0,0.0,0.0,0.0,1.0,1.0,1.0,1.0,1.0,0.0,-1.0,2.0,1.0,1.0,1.5,0.0,0.625,1.0,0.0,-1.0,0.0,0.0,0.0,0.0,1.0,1.0,0.0,-1.0,2.0,1.0,1.0,1.5,0.0,1.0,18,18,18,14,14,15
0.0,0.0,-2.0,0.0,0.0,1.0,0.0,0.5,3.0,4.0,0.0,0.0,1.0,1.0,2.0,0.0,1.0,0.0,0.0,1.0,1.0,1.0,1.0,0.0,-1.0,-0.5,1.0,0.0,0.5,-0.375,0.0,1.0,1.0,0.0,0.0,1.0,0.0,0.0,1.0,1.0,0.0,-1.0,-0.5,1.0,0.0,0.5,-0.3333333333333333,12,0,0,10,11,12
0.0,0.0,-2.0,1.0,0.0,1.0,-1.0,-1.0,0.0,2.0,0.0,1.0,2.0,-1.0,0.0,0.0,1.0,0.0,1.0,0.0,1.0,1.0,1.0,0.0,0.0,0.0,0.0,0.0,0.0,-0.375,1.0,2.0,-1.0,0.0,0.0,1.0,0.0,1.0,1.0,1.0,0.0,0.0,0.0,0.0,0.0,0.0,0.6666666666666666,8,0,0,11,12,13
0.0,0.0,0.0,1.0,1.0,1.0,-0.5,-0.5,2.0,2.0,0.0,0.0,0.0,-1.0,0.0,0.0,1.0,0.0,0.0,1.0,1.0,1.0,1.0,-1.0,1.0,0.5,0.0,0.5,0.5,1.125,0.0,0.0,-1.0,0.0,0.0,1.0,0.0,0.0,1.0,1.0,-1.0,1.0,0.5,0.0,0.5,0.5,0.0,10,13,12,13,12,12
0.0,0.0,-1.0,1.0,0.0,0.0,0.0,0.5,3.0,2.0,0.0,0.0,0.0,-1.0,0.0,0.0,0.0,0.0,0.0,1.0,1.0,1.0,0.0,-1.0,-1.0,-1.0,0.0,1.0,0.5,1.625,0.0,0.0,-1.0,0.0,0.0,0.0,0.0,0.0,1.0,0.0,-1.0,-1.0,-1.0,0.0,1.0,0.5,1.6666666666666667,12,11,11,15,13,14
0.0,1.0,-2.0,0.0,0.0,1.0,0.0,0.5,0.0,4.0,0.0,1.0,3.0,0.0,0.0,0.0,1.0,0.0,0.0,1.0,1.0,0.0,1.0,1.0,0.0,0.0,0.0,-0.5,0.5,-0.375,1.0,3.0,0.0,0.0,0.0,1.0,0.0,0.0,1.0,1.0,1.0,0.0,0.0,0.0,-0.5,0.5,0.0,9,0,0,12,11,11
0.0,0.0,-2.0,1.0,0.0,1.0,0.5,0.5,3.0,0.0,0.0,1.0,0.0,1.0,0.0,0.0,1.0,0.0,1.0,1.0,1.0,1.0,1.0,0.0,0.0,0.0,0.0,-0.5,0.5,-0.375,1.0,0.0,1.0,0.0,0.0,1.0,0.0,1.0,1.0,1.0,0.0,0.0,0.0,0.0,-0.5,0.5,0.3333333333333333,11,0,0,13,14,15
0.0,1.0,0.0,0.0,0.0,1.0,0.0,0.5,0.0,2.0,0.0,1.0,2.0,0.0,0.0,0.0,0.0,0.0,0.0,1.0,1.0,0.0,0.0,1.0,1.0,1.0,1.0,1.0,0.5,-0.375,1.0,2.0,0.0,0.0,0.0,0.0,0.0,0.0,1.0,0.0,1.0,1.0,1.0,1.0,1.0,0.5,0.0,10,0,0,10,9,10
0.0,0.0,-1.0,1.0,0.0,0.0,0.0,0.0,2.0,2.0,0.0,2.0,1.0,-1.0,2.0,0.0,1.0,0.0,1.0,0.0,1.0,1.0,1.0,0.0,0.0,-0.5,0.0,-0.5,0.5,-0.375,2.0,1.0,-1.0,0.0,0.0,1.0,0.0,1.0,1.0,1.0,0.0,0.0,-0.5,0.0,-0.5,0.5,0.3333333333333333,4,0,0,9,9,10
0.0,1.0,-1.0,1.0,1.0,1.0,-1.0,-1.0,3.0,2.0,0.0,1.0,0.0,0.0,1.0,0.0,0.0,0.0,0.0,1.0,1.0,0.0,1.0,0.0,1.0,0.5,0.0,0.5,0.5,-0.375,1.0,0.0,0.0,2.0,0.0,0.0,0.0,0.0,1.0,1.0,0.0,1.0,0.5,0.0,0.5,0.5,-0.3333333333333333,14,12,12,10,10,10
0.0,0.0,-2.0,1.0,0.0,1.0,0.5,0.5,4.0,4.0,0.0,1.0,1.0,-1.0,0.0,0.0,0.0,0.0,1.0,1.0,1.0,1.0,0.0,0.0,0.0,-0.5,0.0,-0.5,0.5,-0.375,1.0,1.0,-1.0,0.0,0.0,0.0,0.0,1.0,1.0,0.0,0.0,0.0,-0.5,0.0,-0.5,0.5,0.6666666666666666,16,16,15,13,14,14
0.0,1.0,-2.0,1.0,0.0,1.0,0.5,0.0,4.0,3.0,0.0,0.0,1.0,2.0,0.0,1.0,1.0,0.0,0.0,1.0,1.0,1.0,0.0,-2.0,-1.0,-0.5,0.0,-0.5,-0.5,-0.375,0.0,1.0,2.0,0.0,1.0,1.0,0.0,0.0,1.0,0.0,-2.0,-1.0,-0.5,0.0,-0.5,-0.5,0.6666666666666666,7,9,0,9,11,11
0.0,1.0,-1.0,1.0,1.0,1.0,-0.5,-0.5,3.0,3.0,3.0,0.0,1.0,-1.0,2.0,0.0,1.0,0.0,1.0,1.0,1.0,1.0,0.0,-2.0,0.0,0.0,1.0,0.0,-1.0,0.625,0.0,1.0,-1.0,0.0,0.0,1.0,0.0,1.0,1.0,0.0,-2.0,0.0,0.0,1.0,0.0,-1.0,0.3333333333333333,9,9,9,12,11,11
0.0,0.0,-2.0,1.0,0.0,1.0,0.5,0.5,4.0,3.0,0.0,1.0,0.0,1.0,0.0,0.0,1.0,1.0,1.0,1.0,1.0,1.0,0.0,0.0,-1.0,-0.5,0.0,-0.5,0.5,-0.125,1.0,0.0,1.0,0.0,0.0,1.0,0.0,1.0,1.0,0.0,0.0,-1.0,-0.5,0.0,-0.5,0.5,0.0,9,11,11,13,13,13
0.0,0.0,-1.0,1.0,1.0,1.0,-1.0,-1.0,0.0,0.0,0.0,1.0,0.0,-1.0,0.0,0.0,0.0,0.0,0.0,1.0,1.0,1.0,0.0,-1.0,1.0,0.5,2.0,0.5,-1.5,-0.125,1.0,0.0,-1.0,0.0,0.0,0.0,0.0,0.0,1.0,0.0,-1.0,1.0,0.5,2.0,0.5,-1.5,0.3333333333333333,14,14,13,10,11,11
0.0,0.0,-2.0,1.0,0.0,1.0,-1.0,-1.0,2.0,3.0,0.0,0.0,0.0,0.0,0.0,0.0,1.0,1.0,0.0,1.0,1.0,1.0,0.0,0.0,1.0,-0.5,0.0,0.0,0.5,-0.375,0.0,0.0,0.0,0.0,0.0,1.0,0.0,0.0,1.0,0.0,0.0,1.0,-0.5,0.0,0.0,0.5,-0.3333333333333333,8,11,11,12,12,12
0.0,0.0,-2.0,1.0,0.0,1.0,0.0,-0.5,1.0,3.0,1.0,0.0,0.0,0.0,3.0,0.0,1.0,0.0,0.0,1.0,1.0,1.0,0.0,-1.0,0.0,-0.5,0.0,-0.5,-0.5,-0.375,0.0,0.0,0.0,1.0,0.0,1.0,0.0,0.0,1.0,0.0,-1.0,0.0,-0.5,0.0,-0.5,-0.5,0.0,6,7,0,11,11,11
0.0,0.0,-2.0,1.0,0.0,1.0,-1.0,-0.5,0.0,2.0,0.0,1.0,0.0,0.0,0.0,0.0,1.0,1.0,0.0,0.0,1.0,1.0,0.0,0.0,0.0,-0.5,0.0,-0.5,0.5,-0.125,1.0,0.0,0.0,0.0,0.0,1.0,0.0,0.0,1.0,0.0,0.0,0.0,-0.5,0.0,-0.5,0.5,0.6666666666666666,10,11,11,13,12,13
0.0,1.0,-2.0,1.0,1.0,0.0,-0.5,-1.0,3.0,2.0,0.0,1.0,3.0,-1.0,3.0,0.0,0.0,0.0,0.0,1.0,1.0,1.0,0.0,0.0,2.0,1.0,1.0,1.5,0.5,-0.375,1.0,3.0,-1.0,0.0,0.0,0.0,0.0,0.0,1.0,0.0,0.0,2.0,1.0,1.0,1.5,0.5,-0.3333333333333333,8,9,10,12,11,11
0.0,1.0,1.0,1.0,1.0,1.0,-1.0,-1.0,2.0,2.0,0.0,1.0,0.0,-1.0,3.0,0.0,0.0,0.0,0.0,1.0,0.0,1.0,1.0,-2.0,0.0,1.0,1.0,1.5,0.0,-0.375,1.0,0.0,-1.0,2.0,0.0,0.0,0.0,0.0,0.0,1.0,-2.0,0.0,1.0,1.0,1.5,0.0,-0.3333333333333333,6,5,0,11,9,0
0.0,1.0,-1.0,1.0,1.0,1.0,-0.5,-1.0,0.0,2.0,0.0,1.0,0.0,-1.0,1.0,0.0,0.0,0.0,1.0,1.0,1.0,0.0,1.0,0.0,1.0,0.5,2.0,1.5,0.5,0.375,1.0,0.0,-1.0,1.0,0.0,0.0,0.0,1.0,1.0,1.0,0.0,1.0,0.5,2.0,1.5,0.5,0.6666666666666666,12,13,14,9,10,10
0.0,0.0,-2.0,0.0,0.0,1.0,0.0,0.0,3.0,3.0,3.0,2.0,1.0,1.0,2.0,0.0,1.0,1.0,1.0,1.0,1.0,1.0,1.0,0.0,-1.0,-1.0,1.0,0.5,-0.5,0.625,2.0,1.0,1.0,0.0,0.0,1.0,1.0,1.0,1.0,1.0,0.0,-1.0,-1.0,1.0,0.5,-0.5,0.0,10,10,10,13,13,13
0.0,1.0,2.0,1.0,0.0,1.0,0.0,-0.5,3.0,0.0,1.0,1.0,0.0,-1.0,3.0,0.0,1.0,0.0,0.0,1.0,0.0,1.0,1.0,0.0,2.0,0.5,0.0,-0.5,0.0,-0.375,1.0,0.0,-1.0,0.0,0.0,1.0,0.0,0.0,0.0,1.0,0.0,2.0,0.5,0.0,-0.5,0.0,0.6666666666666666,5,0,0,11,9,11
0.0,0.0,0.0,1.0,0.0,1.0,0.5,0.5,2.0,4.0,0.0,1.0,0.0,-1.0,0.0,1.0,1.0,0.0,0.0,1.0,1.0,0.0,1.0,0.0,-1.0,-1.0,0.0,-0.5,0.0,-0.375,1.0,0.0,-1.0,0.0,1.0,1.0,0.0,0.0,1.0,1.0,0.0,-1.0,-1.0,0.0,-0.5,0.0,-0.3333333333333333,11,11,12,13,13,13
0.0,1.0,-2.0,0.0,0.0,1.0,-0.5,0.0,0.0,3.0,0.0,1.0,0.0,0.0,0.0,1.0,0.0,1.0,1.0,1.0,1.0,0.0,0.0,0.0,1.0,0.5,0.0,-0.5,-1.5,-0.125,1.0,0.0,0.0,0.0,1.0,0.0,1.0,1.0,1.0,0.0,0.0,1.0,0.5,0.0,-0.5,-1.5,-0.3333333333333333,11,8,8,7,8,8
0.0,1.0,0.0,0.0,1.0,1.0,-1.0,-0.5,2.0,2.0,3.0,1.0,0.0,-1.0,0.0,0.0,0.0,0.0,0.0,1.0,1.0,0.0,0.0,-2.0,-1.0,-0.5,2.0,0.5,0.5,0.625,1.0,0.0,-1.0,3.0,0.0,0.0,0.0,0.0,1.0,0.0,-2.0,-1.0,-0.5,2.0,0.5,0.5,2.0,16,12,13,9,8,10
0.0,0.0,1.0,0.0,0.0,1.0,-1.0,-1.0,0.0,2.0,0.0,1.0,2.0,-1.0,3.0,0.0,1.0,0.0,1.0,0.0,1.0,0.0,0.0,1.0,-1.0,1.0,0.0,1.5,0.0,0.375,1.0,2.0,-1.0,3.0,0.0,1.0,0.0,1.0,1.0,0.0,1.0,-1.0,1.0,0.0,1.5,0.0,0.6666666666666666,9,8,10,11,10,11
0.0,1.0,-1.0,0.0,0.0,1.0,-0.5,-0.5,0.0,2.0,0.0,1.0,2.0,-1.0,0.0,0.0,0.0,0.0,0.0,0.0,1.0,0.0,0.0,0.0,-1.0,-0.5,0.0,0.0,-0.5,-0.125,1.0,2.0,-1.0,0.0,0.0,0.0,0.0,0.0,1.0,0.0,0.0,-1.0,-0.5,0.0,0.0,-0.5,0.3333333333333333,17,15,15,12,10,11
0.0,1.0,-1.0,1.0,0.0,1.0,0.0,0.0,2.0,3.0,0.0,0.0,0.0,0.0,1.0,0.0,1.0,1.0,0.0,1.0,1.0,1.0,1.0,0.0,2.0,1.0,3.0,1.0,0.5,0.125,0.0,0.0,0.0,1.0,0.0,1.0,0.0,0.0,1.0,1.0,0.0,2.0,1.0,3.0,1.0,0.5,-0.3333333333333333,10,12,12,10,10,1
0.0,1.0,0.0,0.0,1.0,1.0,-0.5,-1.0,0.0,2.0,0.0,1.0,1.0,-1.0,2.0,0.0,0.0,0.0,1.0,1.0,0.0,1.0,1.0,-1.0,0.0,-0.5,1.0,0.0,0.5,-0.375,1.0,1.0,-1.0,1.0,0.0,0.0,1.0,1.0,0.0,1.0,-1.0,0.0,-0.5,1.0,0.0,0.5,1.0,7,6,0,8,8,9
0.0,1.0,0.0,0.0,1.0,1.0,-1.0,-1.0,2.0,3.0,0.0,1.0,3.0,0.0,3.0,0.0,0.0,0.0,1.0,1.0,0.0,0.0,1.0,1.0,0.0,1.0,0.0,1.5,0.5,-0.375,1.0,3.0,0.0,0.0,0.0,0.0,0.0,1.0,0.0,1.0,1.0,0.0,1.0,0.0,1.5,0.5,-0.3333333333333333,5,8,7,8,8,8
0.0,1.0,-1.0,1.0,0.0,1.0,-0.5,-0.5,2.0,2.0,0.0,0.0,0.0,0.0,0.0,0.0,0.0,0.0,0.0,1.0,0.0,1.0,0.0,0.0,0.0,1.0,1.0,1.0,0.0,0.125,0.0,0.0,0.0,0.0,0.0,0.0,0.0,0.0,0.0,0.0,0.0,0.0,1.0,1.0,1.0,0.0,-0.3333333333333333,10,10,10,9,10,11
0.0,0.0,-1.0,1.0,0.0,1.0,0.5,-0.5,1.0,3.0,1.0,0.0,0.0,0.0,0.0,0.0,0.0,1.0,0.0,1.0,1.0,1.0,1.0,0.0,-1.0,0.0,0.0,-0.5,-0.5,-0.375,0.0,0.0,0.0,0.0,0.0,0.0,0.0,0.0,1.0,1.0,0.0,-1.0,0.0,0.0,-0.5,-0.5,-0.3333333333333333,14,15,16,17,17,18
0.0,0.0,-1.0,1.0,0.0,1.0,-0.5,-0.5,2.0,2.0,1.0,1.0,0.0,0.0,0.0,0.0,1.0,1.0,0.0,0.0,1.0,1.0,0.0,1.0,-2.0,1.0,0.0,-0.5,0.0,-0.375,1.0,0.0,0.0,0.0,0.0,1.0,0.0,0.0,1.0,0.0,1.0,-2.0,1.0,0.0,-0.5,0.0,-0.3333333333333333,6,7,0,12,12,13
0.0,0.0,-1.0,1.0,0.0,1.0,0.5,0.5,1.0,1.0,3.0,1.0,0.0,0.0,0.0,0.0,1.0,1.0,0.0,1.0,1.0,1.0,1.0,0.0,1.0,-0.5,0.0,-0.5,-0.5,-0.375,1.0,0.0,0.0,0.0,0.0,1.0,0.0,0.0,1.0,1.0,0.0,1.0,-0.5,0.0,-0.5,-0.5,-0.3333333333333333,14,14,14,16,16,17
0.0,1.0,-1.0,1.0,0.0,1.0,0.0,0.5,2.0,2.0,0.0,0.0,2.0,-1.0,2.0,0.0,1.0,0.0,1.0,0.0,1.0,1.0,0.0,-1.0,1.0,1.0,1.0,1.0,-1.0,-0.375,0.0,2.0,-1.0,1.0,0.0,1.0,0.0,1.0,1.0,0.0,-1.0,1.0,1.0,1.0,1.0,-1.0,0.3333333333333333,6,5,0,9,9,10
0.0,1.0,-1.0,1.0,0.0,1.0,-1.0,-1.5,2.0,2.0,3.0,1.0,1.0,0.0,0.0,0.0,1.0,1.0,1.0,1.0,1.0,1.0,1.0,0.0,0.0,-0.5,0.0,-0.5,-0.5,-0.125,1.0,1.0,0.0,0.0,0.0,1.0,0.0,1.0,1.0,1.0,0.0,0.0,-0.5,0.0,-0.5,-0.5,-0.3333333333333333,13,15,16,16,17,18
0.0,1.0,0.0,1.0,1.0,1.0,0.5,0.5,4.0,2.0,3.0,1.0,0.0,0.0,0.0,0.0,1.0,1.0,1.0,1.0,1.0,1.0,0.0,0.0,1.0,0.5,0.0,0.5,0.5,-0.375,1.0,0.0,0.0,0.0,0.0,1.0,0.0,1.0,1.0,0.0,0.0,1.0,0.5,0.0,0.5,0.5,-0.3333333333333333,13,11,10,11,9,10
0.0,0.0,-1.0,1.0,0.0,1.0,-1.0,0.0,0.0,3.0,1.0,1.0,0.0,0.0,3.0,0.0,0.0,0.0,1.0,0.0,1.0,1.0,1.0,0.0,0.0,1.0,0.0,-0.5,-0.5,-0.375,1.0,0.0,0.0,0.0,0.0,0.0,0.0,1.0,1.0,1.0,0.0,0.0,1.0,0.0,-0.5,-0.5,-0.3333333333333333,8,7,0,14,13,13
0.0,0.0,-1.0,1.0,1.0,1.0,0.0,0.0,2.0,2.0,3.0,1.0,1.0,0.0,0.0,0.0,1.0,1.0,1.0,1.0,1.0,1.0,0.0,0.0,1.0,1.0,0.0,-0.5,0.0,0.125,1.0,1.0,0.0,0.0,0.0,1.0,0.0,1.0,1.0,0.0,0.0,1.0,1.0,0.0,-0.5,0.0,-0.3333333333333333,10,11,9,14,14,15
0.0,1.0,0.0,1.0,1.0,1.0,0.5,0.0,4.0,2.0,0.0,1.0,1.0,0.0,0.0,0.0,0.0,1.0,1.0,1.0,1.0,1.0,0.0,0.0,1.0,0.5,3.0,1.0,0.0,0.125,1.0,1.0,0.0,0.0,0.0,0.0,0.0,1.0,1.0,0.0,0.0,1.0,0.5,3.0,1.0,0.0,-0.3333333333333333,10,9,9,10,11,11
0.0,0.0,-1.0,1.0,0.0,1.0,-0.5,-0.5,3.0,2.0,3.0,1.0,1.0,0.0,0.0,0.0,0.0,1.0,1.0,0.0,1.0,1.0,0.0,-1.0,1.0,0.5,0.0,1.0,0.5,-0.125,1.0,1.0,0.0,0.0,0.0,0.0,0.0,1.0,1.0,0.0,-1.0,1.0,0.5,0.0,1.0,0.5,-0.3333333333333333,13,13,11,13,12,14
0.0,1.0,0.0,1.0,0.0,1.0,0.0,0.0,2.0,2.0,3.0,0.0,0.0,0.0,0.0,0.0,0.0,0.0,1.0,0.0,1.0,1.0,0.0,0.0,0.0,0.5,0.0,1.0,0.0,0.125,0.0,0.0,0.0,0.0,0.0,0.0,0.0,1.0,1.0,0.0,0.0,0.0,0.5,0.0,1.0,0.0,0.3333333333333333,6,5,6,11,9,10
0.0,1.0,-1.0,0.0,0.0,1.0,0.5,-0.5,4.0,3.0,2.0,1.0,0.0,-1.0,0.0,0.0,1.0,0.0,1.0,1.0,1.0,1.0,1.0,0.0,0.0,0.0,2.0,1.0,-0.5,0.875,1.0,0.0,-1.0,0.0,0.0,1.0,0.0,1.0,1.0,1.0,0.0,0.0,0.0,2.0,1.0,-0.5,1.0,10,8,9,10,9,11
0.0,1.0,0.0,1.0,0.0,1.0,0.5,0.0,2.0,2.0,0.0,1.0,0.0,0.0,0.0,0.0,1.0,0.0,1.0,1.0,1.0,1.0,1.0,1.0,-1.0,0.0,0.0,-0.5,-1.0,0.125,1.0,0.0,0.0,0.0,0.0,1.0,1.0,1.0,1.0,1.0,1.0,-1.0,0.0,0.0,-0.5,-1.0,0.3333333333333333,10,10,11,11,11,13
0.0,1.0,-1.0,1.0,0.0,1.0,0.5,0.0,4.0,2.0,1.0,1.0,0.0,0.0,0.0,0.0,1.0,1.0,1.0,1.0,1.0,1.0,0.0,-1.0,1.0,0.0,1.0,0.5,-0.5,0.875,1.0,0.0,0.0,0.0,0.0,1.0,1.0,1.0,1.0,0.0,-1.0,1.0,0.0,1.0,0.5,-0.5,0.3333333333333333,9,8,8,11,10,11
0.0,0.0,0.0,1.0,0.0,1.0,-0.5,0.5,3.0,3.0,3.0,0.0,0.0,0.0,0.0,0.0,1.0,0.0,1.0,1.0,1.0,0.0,0.0,1.0,1.0,-0.5,1.0,0.5,0.5,-0.375,0.0,0.0,0.0,0.0,0.0,1.0,0.0,1.0,1.0,0.0,1.0,1.0,-0.5,1.0,0.5,0.5,-0.3333333333333333,16,17,17,17,18,17
0.0,0.0,0.0,1.0,1.0,1.0,0.0,0.0,2.0,2.0,3.0,1.0,0.0,0.0,0.0,0.0,1.0,0.0,1.0,1.0,1.0,1.0,1.0,1.0,0.0,0.0,1.0,0.5,-1.5,6.625,1.0,0.0,0.0,0.0,0.0,1.0,0.0,1.0,1.0,1.0,1.0,0.0,0.0,1.0,0.5,-1.5,5.0,9,9,8,14,13,14
0.0,0.0,-1.0,1.0,0.0,1.0,0.0,-0.5,2.0,2.0,3.0,1.0,0.0,0.0,0.0,0.0,1.0,1.0,0.0,1.0,1.0,1.0,0.0,-3.0,-1.0,-0.5,0.0,0.0,-1.5,1.375,1.0,0.0,0.0,0.0,0.0,1.0,0.0,0.0,1.0,0.0,-3.0,-1.0,-0.5,0.0,0.0,-1.5,1.0,12,13,12,14,15,16
0.0,1.0,0.0,1.0,0.0,1.0,0.0,0.0,3.0,3.0,2.0,1.0,0.0,0.0,0.0,0.0,1.0,0.0,1.0,1.0,1.0,1.0,1.0,0.0,0.0,0.5,1.0,0.5,0.0,1.125,1.0,0.0,0.0,0.0,0.0,1.0,0.0,1.0,1.0,1.0,0.0,0.0,0.5,1.0,0.5,0.0,0.6666666666666666,12,12,11,11,13,14
0.0,1.0,-1.0,1.0,0.0,1.0,-1.0,-0.5,3.0,3.0,2.0,1.0,0.0,-1.0,0.0,0.0,1.0,1.0,1.0,1.0,1.0,1.0,1.0,-1.0,0.0,0.0,0.0,0.0,-0.5,-0.125,1.0,0.0,-1.0,0.0,0.0,1.0,0.0,1.0,1.0,1.0,-1.0,0.0,0.0,0.0,0.0,-0.5,-0.3333333333333333,11,12,11,10,9,11
0.0,1.0,-1.0,1.0,1.0,1.0,-0.5,-1.0,2.0,2.0,0.0,1.0,0.0,0.0,0.0,0.0,0.0,1.0,1.0,1.0,1.0,1.0,1.0,0.0,-1.0,0.0,0.0,0.0,0.5,-0.375,1.0,0.0,0.0,0.0,0.0,0.0,0.0,1.0,1.0,1.0,0.0,-1.0,0.0,0.0,0.0,0.5,-0.3333333333333333,15,15,15,13,14,16
0.0,0.0,0.0,1.0,0.0,0.0,0.0,0.0,1.0,2.0,3.0,1.0,0.0,0.0,0.0,0.0,1.0,0.0,0.0,0.0,1.0,1.0,1.0,-1.0,0.0,0.0,0.0,0.5,-0.5,0.375,1.0,0.0,0.0,0.0,0.0,1.0,0.0,0.0,1.0,1.0,-1.0,0.0,0.0,0.0,0.5,-0.5,1.3333333333333333,8,7,9,12,13,14
0.0,1.0,0.0,0.0,0.0,1.0,-1.0,-0.5,0.0,2.0,1.0,1.0,0.0,0.0,0.0,0.0,0.0,0.0,0.0,1.0,1.0,0.0,0.0,-1.0,-2.0,0.0,0.0,1.5,-0.5,0.125,1.0,0.0,0.0,0.0,0.0,0.0,0.0,0.0,1.0,0.0,-1.0,-2.0,0.0,0.0,1.5,-0.5,0.6666666666666666,8,9,10,9,9,10
0.0,0.0,-1.0,1.0,0.0,1.0,-0.5,0.0,3.0,3.0,0.0,1.0,0.0,0.0,0.0,0.0,0.0,0.0,0.0,1.0,1.0,1.0,0.0,0.0,0.0,0.0,0.0,-0.5,-1.0,0.875,1.0,0.0,0.0,0.0,0.0,0.0,0.0,0.0,1.0,0.0,0.0,0.0,0.0,0.0,-0.5,-1.0,0.6666666666666666,11,12,13,12,12,13
0.0,0.0,0.0,1.0,0.0,1.0,-1.0,-1.0,0.0,3.0,0.0,1.0,0.0,0.0,0.0,0.0,0.0,0.0,1.0,1.0,1.0,1.0,0.0,1.0,0.0,0.0,0.0,-0.5,-0.5,-0.375,1.0,0.0,0.0,0.0,0.0,0.0,0.0,1.0,1.0,0.0,1.0,0.0,0.0,0.0,-0.5,-0.5,-0.3333333333333333,8,8,9,12,11,12
0.0,1.0,0.0,1.0,0.0,1.0,-1.0,-0.5,0.0,3.0,2.0,2.0,1.0,0.0,0.0,0.0,0.0,1.0,1.0,0.0,1.0,1.0,0.0,0.0,1.0,0.5,3.0,1.5,0.5,1.125,2.0,1.0,0.0,0.0,0.0,0.0,0.0,1.0,1.0,0.0,0.0,1.0,0.5,3.0,1.5,0.5,2.3333333333333335,7,8,8,10,11,12
0.0,1.0,-1.0,0.0,0.0,1.0,0.0,0.0,3.0,3.0,3.0,1.0,0.0,-1.0,0.0,0.0,1.0,0.0,1.0,1.0,1.0,1.0,0.0,0.0,0.0,-0.5,2.0,1.0,0.5,0.625,1.0,0.0,-1.0,0.0,0.0,1.0,0.0,1.0,1.0,0.0,0.0,0.0,-0.5,2.0,1.0,0.5,-0.3333333333333333,8,9,10,11,10,10
0.0,1.0,-1.0,1.0,0.0,1.0,-0.5,0.0,2.0,2.0,1.0,0.0,1.0,-1.0,0.0,0.0,0.0,0.0,0.0,1.0,1.0,1.0,0.0,1.0,0.0,0.0,0.0,-0.5,-0.5,-0.375,0.0,1.0,-1.0,0.0,0.0,0.0,0.0,0.0,1.0,0.0,1.0,0.0,0.0,0.0,-0.5,-0.5,-0.3333333333333333,13,14,14,13,12,12
0.0,0.0,0.0,1.0,1.0,1.0,-0.5,0.5,3.0,3.0,0.0,0.0,0.0,0.0,0.0,0.0,0.0,0.0,1.0,1.0,1.0,1.0,1.0,0.0,0.0,-0.5,0.0,-0.5,0.5,-0.375,0.0,0.0,0.0,0.0,0.0,0.0,0.0,1.0,1.0,1.0,0.0,0.0,-0.5,0.0,-0.5,0.5,1.0,14,15,15,14,15,16
0.0,1.0,0.0,1.0,0.0,1.0,0.5,0.5,3.0,4.0,1.0,1.0,0.0,-1.0,0.0,0.0,0.0,0.0,0.0,1.0,1.0,1.0,0.0,1.0,-1.0,0.0,0.0,0.0,0.5,0.125,1.0,0.0,-1.0,0.0,0.0,0.0,0.0,0.0,1.0,0.0,1.0,-1.0,0.0,0.0,0.0,0.5,0.3333333333333333,17,15,16,13,13,14
0.0,1.0,-1.0,0.0,1.0,1.0,0.0,0.0,4.0,2.0,1.0,0.0,2.0,-1.0,0.0,0.0,1.0,1.0,1.0,1.0,1.0,1.0,0.0,-1.0,0.0,0.5,2.0,1.5,-0.5,0.625,0.0,2.0,-1.0,0.0,0.0,1.0,0.0,1.0,1.0,0.0,-1.0,0.0,0.5,2.0,1.5,-0.5,2.3333333333333335,9,9,10,10,11,12
0.0,0.0,0.0,1.0,0.0,1.0,0.5,0.5,3.0,4.0,1.0,1.0,1.0,-1.0,1.0,0.0,1.0,0.0,0.0,1.0,1.0,1.0,0.0,0.0,-1.0,0.5,1.0,0.5,-1.0,2.625,1.0,1.0,-1.0,1.0,0.0,1.0,0.0,0.0,1.0,0.0,0.0,-1.0,0.5,1.0,0.5,-1.0,4.666666666666667,18,18,18,14,15,16
0.0,0.0,-1.0,1.0,1.0,1.0,0.5,0.5,4.0,4.0,3.0,1.0,0.0,0.0,0.0,0.0,1.0,1.0,0.0,1.0,1.0,1.0,0.0,0.0,2.0,-0.5,0.0,0.0,-0.5,-0.375,1.0,0.0,0.0,0.0,0.0,1.0,0.0,0.0,1.0,0.0,0.0,2.0,-0.5,0.0,0.0,-0.5,-0.3333333333333333,9,9,10,11,10,11
0.0,0.0,-1.0,1.0,0.0,1.0,0.5,0.0,1.0,2.0,1.0,1.0,0.0,0.0,0.0,0.0,1.0,0.0,1.0,1.0,1.0,1.0,0.0,0.0,0.0,1.0,0.0,1.5,-1.0,-0.125,1.0,0.0,0.0,0.0,0.0,1.0,0.0,1.0,1.0,0.0,0.0,0.0,1.0,0.0,1.5,-1.0,0.0,16,16,16,14,14,15
0.0,0.0,-1.0,1.0,0.0,1.0,-0.5,0.0,2.0,2.0,3.0,1.0,0.0,0.0,0.0,1.0,1.0,1.0,1.0,1.0,1.0,0.0,0.0,0.0,1.0,0.0,0.0,0.5,0.0,0.375,1.0,0.0,0.0,0.0,1.0,1.0,0.0,1.0,1.0,0.0,0.0,1.0,0.0,0.0,0.5,0.0,0.3333333333333333,8,10,10,11,12,12
0.0,0.0,0.0,1.0,0.0,1.0,-1.0,-1.0,2.0,2.0,0.0,1.0,0.0,0.0,0.0,0.0,1.0,1.0,0.0,0.0,1.0,0.0,0.0,0.0,1.0,0.5,0.0,0.5,-1.5,0.125,1.0,0.0,0.0,0.0,0.0,1.0,0.0,0.0,1.0,0.0,0.0,1.0,0.5,0.0,0.5,-1.5,-0.3333333333333333,9,9,10,14,15,15
0.0,0.0,0.0,0.0,0.0,1.0,-0.5,-0.5,2.0,2.0,3.0,1.0,0.0,-1.0,0.0,0.0,1.0,0.0,0.0,1.0,1.0,1.0,0.0,1.0,0.0,-0.5,0.0,0.0,-0.5,1.875,1.0,0.0,-1.0,0.0,0.0,1.0,0.0,0.0,1.0,0.0,1.0,0.0,-0.5,0.0,0.0,-0.5,3.1666666666666665,7,6,6,13,13,13
0.0,0.0,-1.0,0.0,0.0,1.0,-0.5,-0.5,3.0,3.0,3.0,1.0,1.0,2.0,0.0,0.0,1.0,1.0,1.0,0.0,1.0,1.0,0.0,1.0,0.0,1.0,0.0,-0.5,0.5,0.375,1.0,1.0,2.0,0.0,0.0,1.0,0.0,1.0,1.0,0.0,1.0,0.0,1.0,0.0,-0.5,0.5,0.6666666666666666,10,10,11,13,13,13
0.0,0.0,0.0,1.0,0.0,1.0,0.0,0.5,0.0,3.0,1.0,1.0,0.0,1.0,1.0,0.0,1.0,1.0,0.0,1.0,1.0,1.0,1.0,0.0,1.0,0.0,2.0,1.0,0.5,3.125,1.0,0.0,1.0,1.0,0.0,1.0,1.0,0.0,1.0,1.0,0.0,1.0,0.0,2.0,1.0,0.5,2.0,10,9,9,8,9,8
0.0,0.0,-1.0,1.0,0.0,0.0,0.0,-1.0,3.0,2.0,0.0,1.0,0.0,0.0,3.0,0.0,1.0,1.0,0.0,1.0,1.0,1.0,0.0,-2.0,0.0,0.0,1.0,0.0,0.0,0.25,1.0,0.0,0.0,0.0,0.0,1.0,0.0,0.0,1.0,0.0,-2.0,0.0,0.0,1.0,0.0,0.0,0.0,7,7,7,11,11,12
0.0,0.0,-1.0,1.0,0.0,1.0,0.5,0.0,4.0,2.0,2.0,1.0,0.0,0.0,0.0,0.0,0.0,1.0,1.0,1.0,1.0,1.0,1.0,-3.0,0.0,-0.5,0.0,-0.5,-1.5,0.875,1.0,0.0,0.0,0.0,0.0,0.0,0.0,1.0,1.0,1.0,-3.0,0.0,-0.5,0.0,-0.5,-1.5,0.3333333333333333,11,12,13,14,15,15
0.0,0.0,-1.0,1.0,0.0,1.0,-1.0,-1.0,0.0,2.0,1.0,1.0,1.0,-1.0,0.0,0.0,1.0,1.0,0.0,1.0,1.0,0.0,0.0,0.0,0.0,-0.5,0.0,1.0,0.5,0.375,1.0,1.0,-1.0,0.0,0.0,1.0,0.0,0.0,1.0,0.0,0.0,0.0,-0.5,0.0,1.0,0.5,0.0,9,9,10,12,13,13
0.0,0.0,0.0,0.0,0.0,1.0,0.5,0.0,4.0,2.0,3.0,1.0,1.0,1.0,0.0,0.0,1.0,1.0,1.0,1.0,1.0,1.0,1.0,0.0,1.0,-0.5,0.0,-0.5,0.0,0.375,1.0,1.0,1.0,0.0,0.0,1.0,0.0,1.0,1.0,1.0,0.0,1.0,-0.5,0.0,-0.5,0.0,-0.3333333333333333,7,7,7,11,12,12
0.0,0.0,2.0,1.0,0.0,1.0,0.0,0.0,2.0,2.0,3.0,2.0,0.0,2.0,0.0,0.0,1.0,1.0,1.0,1.0,1.0,1.0,0.0,0.0,0.0,0.0,0.0,0.0,-0.5,0.875,2.0,0.0,2.0,0.0,0.0,1.0,0.0,1.0,1.0,0.0,0.0,0.0,0.0,0.0,0.0,-0.5,0.3333333333333333,8,8,8,12,12,12
0.0,1.0,0.0,1.0,1.0,1.0,0.5,0.5,3.0,2.0,1.0,1.0,0.0,0.0,0.0,0.0,1.0,1.0,0.0,1.0,1.0,1.0,1.0,1.0,0.0,1.0,3.0,1.5,-0.5,1.25,1.0,0.0,0.0,0.0,0.0,1.0,0.0,0.0,1.0,1.0,1.0,0.0,1.0,3.0,1.5,-0.5,2.1666666666666665,12,12,13,13,12,12
0.0,0.0,-1.0,1.0,0.0,0.0,-0.5,-0.5,2.0,2.0,3.0,1.0,0.0,0.0,0.0,1.0,1.0,1.0,0.0,1.0,1.0,1.0,0.0,-1.0,0.0,0.5,0.0,-0.5,0.0,-0.375,1.0,0.0,0.0,0.0,1.0,1.0,0.0,0.0,1.0,0.0,-1.0,0.0,0.5,0.0,-0.5,0.0,-0.3333333333333333,12,13,14,13,13,13
0.0,1.0,1.0,1.0,0.0,1.0,-0.5,-0.5,3.0,2.0,1.0,1.0,0.0,0.0,1.0,0.0,1.0,1.0,1.0,1.0,1.0,1.0,0.0,0.0,1.0,0.5,1.0,1.0,0.5,1.5,1.0,0.0,0.0,0.0,0.0,1.0,0.0,1.0,1.0,0.0,0.0,1.0,0.5,1.0,1.0,0.5,1.3333333333333333,6,7,8,12,11,11
0.0,0.0,0.0,0.0,1.0,1.0,0.5,0.5,3.0,2.0,2.0,1.0,0.0,-1.0,0.0,0.0,1.0,1.0,0.0,1.0,1.0,0.0,0.0,1.0,-1.0,-1.0,0.0,0.0,-0.5,1.125,1.0,0.0,-1.0,0.0,0.0,1.0,0.0,0.0,1.0,0.0,1.0,-1.0,-1.0,0.0,0.0,-0.5,0.6666666666666666,8,10,10,12,11,11
0.0,0.0,0.0,1.0,1.0,1.0,0.0,-0.5,2.0,2.0,3.0,1.0,1.0,0.0,0.0,0.0,0.0,1.0,0.0,1.0,1.0,1.0,0.0,0.0,1.0,0.5,0.0,0.5,-1.5,-0.125,1.0,1.0,0.0,0.0,0.0,0.0,0.0,0.0,1.0,0.0,0.0,1.0,0.5,0.0,0.5,-1.5,0.0,14,15,15,14,16,15
0.0,0.0,0.0,1.0,0.0,1.0,0.5,0.0,2.0,2.0,3.0,1.0,0.0,0.0,2.0,0.0,0.0,1.0,0.0,1.0,1.0,1.0,1.0,-1.0,1.0,1.0,1.0,1.0,-1.5,2.375,1.0,0.0,0.0,0.0,0.0,0.0,0.0,0.0,1.0,1.0,-1.0,1.0,1.0,1.0,1.0,-1.5,2.3333333333333335,6,6,4,11,9,10
0.0,1.0,1.0,1.0,1.0,1.0,0.0,0.0,3.0,1.0,1.0,0.0,0.0,0.0,1.0,0.0,1.0,1.0,0.0,1.0,1.0,1.0,0.0,-1.0,-1.0,0.5,1.0,1.0,0.0,1.25,0.0,0.0,0.0,0.0,0.0,1.0,0.0,0.0,1.0,0.0,-1.0,-1.0,0.5,1.0,1.0,0.0,1.3333333333333333,6,6,8,10,10,10
0.0,0.0,0.0,1.0,0.0,1.0,-0.5,0.0,0.0,2.0,1.0,0.0,1.0,-1.0,0.0,0.0,1.0,1.0,0.0,1.0,1.0,0.0,0.0,-1.0,0.0,0.0,0.0,1.0,-0.5,0.0,0.0,1.0,-1.0,0.0,0.0,1.0,0.0,0.0,1.0,0.0,-1.0,0.0,0.0,0.0,1.0,-0.5,0.3333333333333333,7,7,8,12,13,13
0.0,0.0,0.0,1.0,0.0,1.0,-0.5,-0.5,0.0,0.0,0.0,1.0,0.0,1.0,0.0,0.0,1.0,1.0,1.0,1.0,1.0,1.0,0.0,0.0,0.0,0.0,0.0,-0.5,0.0,0.125,1.0,0.0,1.0,0.0,0.0,1.0,0.0,1.0,1.0,0.0,0.0,0.0,0.0,0.0,-0.5,0.0,-0.3333333333333333,9,10,10,12,12,13
0.0,0.0,0.0,0.0,0.0,1.0,-0.5,-1.0,0.0,3.0,3.0,1.0,1.0,0.0,0.0,0.0,1.0,0.0,1.0,1.0,1.0,1.0,0.0,0.0,-1.0,1.0,0.0,0.0,0.5,-0.125,1.0,1.0,0.0,0.0,0.0,1.0,0.0,1.0,1.0,0.0,0.0,-1.0,1.0,0.0,0.0,0.5,-0.3333333333333333,6,6,6,11,10,11
0.0,0.0,0.0,1.0,0.0,1.0,-1.0,-1.0,0.0,2.0,3.0,1.0,0.0,1.0,1.0,0.0,1.0,0.0,1.0,1.0,1.0,0.0,1.0,0.0,0.0,0.5,0.0,-0.5,0.5,-0.375,1.0,0.0,1.0,0.0,0.0,1.0,0.0,1.0,1.0,1.0,0.0,0.0,0.5,0.0,-0.5,0.5,1.6666666666666667,6,5,0,12,12,12
0.0,0.0,-1.0,1.0,0.0,1.0,-0.5,0.0,3.0,4.0,2.0,1.0,0.0,0.0,0.0,1.0,0.0,0.0,0.0,1.0,1.0,1.0,0.0,-2.0,0.0,-1.0,0.0,-0.5,-0.5,-0.125,1.0,0.0,0.0,0.0,1.0,0.0,0.0,0.0,1.0,0.0,-2.0,0.0,-1.0,0.0,-0.5,-0.5,-0.3333333333333333,16,16,17,13,13,14
0.0,1.0,1.0,1.0,0.0,1.0,-0.5,-0.5,2.0,2.0,1.0,1.0,1.0,0.0,0.0,0.0,1.0,1.0,0.0,1.0,1.0,1.0,0.0,-1.0,0.0,0.0,4.0,1.5,0.0,-0.375,1.0,1.0,0.0,3.0,0.0,1.0,1.0,0.0,1.0,0.0,-1.0,0.0,0.0,4.0,1.5,0.0,1.1666666666666667,12,13,13,10,9,10
0.0,0.0,-1.0,1.0,0.0,1.0,0.5,0.5,4.0,3.0,1.0,1.0,0.0,1.0,0.0,0.0,1.0,0.0,1.0,0.0,1.0,1.0,0.0,1.0,0.0,-0.5,0.0,-0.5,0.5,-0.375,1.0,0.0,1.0,0.0,0.0,1.0,0.0,1.0,1.0,0.0,1.0,0.0,-0.5,0.0,-0.5,0.5,0.3333333333333333,13,13,14,15,16,16
0.0,0.0,1.0,0.0,0.0,1.0,0.0,-1.0,2.0,2.0,3.0,1.0,0.0,0.0,1.0,0.0,0.0,0.0,1.0,1.0,1.0,1.0,1.0,1.0,0.0,0.0,0.0,-0.5,0.0,1.625,1.0,0.0,0.0,0.0,0.0,0.0,0.0,1.0,1.0,1.0,1.0,0.0,0.0,0.0,-0.5,0.0,0.3333333333333333,9,8,7,8,8,8
0.0,0.0,0.0,1.0,0.0,1.0,0.0,-0.5,2.0,2.0,0.0,1.0,0.0,0.0,0.0,0.0,0.0,0.0,1.0,0.0,1.0,1.0,0.0,1.0,0.0,0.5,0.0,0.5,-0.5,0.875,1.0,0.0,0.0,0.0,0.0,0.0,0.0,1.0,1.0,0.0,1.0,0.0,0.5,0.0,0.5,-0.5,0.0,16,15,15,17,18,17
0.0,1.0,0.0,1.0,1.0,1.0,-0.5,0.0,3.0,3.0,3.0,0.0,0.0,0.0,0.0,0.0,1.0,1.0,0.0,0.0,1.0,1.0,0.0,1.0,0.0,0.0,0.0,0.5,-0.5,-0.125,0.0,0.0,0.0,0.0,0.0,1.0,0.0,0.0,1.0,0.0,1.0,0.0,0.0,0.0,0.5,-0.5,-0.3333333333333333,12,11,12,10,11,11
0.0,1.0,1.0,1.0,1.0,1.0,-0.5,-1.0,0.0,2.0,0.0,1.0,3.0,0.0,0.0,1.0,1.0,1.0,1.0,1.0,1.0,1.0,1.0,0.0,0.0,-0.5,3.0,1.5,-0.5,1.375,1.0,3.0,0.0,0.0,1.0,1.0,0.0,1.0,1.0,1.0,0.0,0.0,-0.5,3.0,1.5,-0.5,0.0,10,8,9,9,10,11
0.0,0.0,0.0,1.0,0.0,0.0,-0.5,-1.0,2.0,2.0,0.0,1.0,1.0,1.0,0.0,0.0,0.0,0.0,1.0,1.0,1.0,1.0,1.0,-1.0,-1.0,0.0,0.0,0.0,-0.5,0.875,1.0,1.0,1.0,0.0,0.0,0.0,0.0,1.0,1.0,1.0,-1.0,-1.0,0.0,0.0,0.0,-0.5,-0.3333333333333333,12,10,12,15,15,16
0.0,0.0,0.0,1.0,1.0,1.0,0.5,0.0,1.0,2.0,3.0,0.0,0.0,0.0,0.0,0.0,0.0,0.0,1.0,1.0,1.0,1.0,1.0,-1.0,-1.0,0.0,0.0,0.0,-0.5,1.375,0.0,0.0,0.0,0.0,0.0,0.0,0.0,1.0,1.0,1.0,-1.0,-1.0,0.0,0.0,0.0,-0.5,-0.3333333333333333,13,13,14,14,12,12
0.0,1.0,0.0,0.0,0.0,1.0,-0.5,-0.5,2.0,2.0,0.0,0.0,1.0,0.0,0.0,0.0,1.0,1.0,1.0,1.0,1.0,1.0,0.0,0.0,2.0,-0.5,0.0,-0.5,-1.5,0.125,0.0,1.0,0.0,0.0,0.0,1.0,0.0,1.0,1.0,0.0,0.0,2.0,-0.5,0.0,-0.5,-1.5,-0.3333333333333333,11,11,11,12,13,13
0.0,1.0,0.0,1.0,0.0,1.0,0.5,0.5,4.0,4.0,3.0,1.0,0.0,0.0,0.0,1.0,1.0,0.0,1.0,1.0,1.0,1.0,1.0,0.0,2.0,1.0,0.0,0.5,-1.0,1.375,1.0,0.0,0.0,0.0,1.0,1.0,0.0,1.0,1.0,1.0,0.0,2.0,1.0,0.0,0.5,-1.0,-0.3333333333333333,11,9,9,13,13,13
0.0,1.0,-1.0,1.0,0.0,1.0,0.5,0.5,1.0,2.0,3.0,0.0,0.0,0.0,0.0,0.0,1.0,1.0,1.0,1.0,1.0,1.0,0.0,0.0,-1.0,0.5,1.0,1.0,-1.5,-0.125,0.0,0.0,0.0,0.0,0.0,1.0,0.0,1.0,1.0,0.0,0.0,-1.0,0.5,1.0,1.0,-1.5,-0.3333333333333333,14,13,13,13,13,14
0.0,1.0,-1.0,1.0,1.0,1.0,-1.0,-1.0,2.0,2.0,1.0,1.0,1.0,0.0,0.0,0.0,1.0,1.0,0.0,1.0,1.0,1.0,0.0,-1.0,1.0,-0.5,0.0,-0.5,0.5,1.875,1.0,1.0,0.0,0.0,0.0,1.0,0.0,0.0,1.0,0.0,-1.0,1.0,-0.5,0.0,-0.5,0.5,0.0,9,7,6,9,9,9
0.0,1.0,-1.0,1.0,0.0,1.0,0.0,-0.5,0.0,2.0,3.0,1.0,1.0,1.0,0.0,0.0,0.0,0.0,1.0,1.0,1.0,1.0,1.0,1.0,0.0,0.0,0.0,0.5,-1.0,0.875,1.0,1.0,1.0,0.0,0.0,0.0,0.0,1.0,1.0,1.0,1.0,0.0,0.0,0.0,0.5,-1.0,-0.3333333333333333,11,9,10,12,12,12
0.0,1.0,0.0,1.0,1.0,1.0,-0.5,-0.5,2.0,2.0,1.0,0.0,0.0,0.0,0.0,0.0,0.0,1.0,1.0,0.0,1.0,1.0,1.0,0.0,1.0,-0.5,4.0,1.5,0.0,0.125,0.0,0.0,0.0,0.0,0.0,0.0,0.0,1.0,1.0,1.0,0.0,1.0,-0.5,4.0,1.5,0.0,-0.3333333333333333,14,13,13,16,16,16
0.0,0.0,-1.0,1.0,0.0,1.0,-0.5,-1.0,2.0,2.0,1.0,1.0,0.0,-1.0,0.0,0.0,0.0,0.0,0.0,1.0,1.0,1.0,1.0,0.0,2.0,-0.5,0.0,-0.5,0.5,2.125,1.0,0.0,-1.0,0.0,0.0,0.0,0.0,0.0,1.0,1.0,0.0,2.0,-0.5,0.0,-0.5,0.5,0.3333333333333333,13,12,12,9,10,10
0.0,0.0,0.0,0.0,0.0,1.0,-0.5,-1.0,0.0,3.0,0.0,1.0,2.0,0.0,0.0,0.0,0.0,0.0,1.0,1.0,1.0,0.0,0.0,-2.0,-2.0,-1.0,0.0,-0.5,-0.5,-0.125,1.0,2.0,0.0,0.0,0.0,0.0,0.0,1.0,1.0,0.0,-2.0,-2.0,-1.0,0.0,-0.5,-0.5,0.0,13,11,11,13,13,13
0.0,1.0,1.0,1.0,0.0,1.0,-0.5,-0.5,2.0,3.0,3.0,0.0,0.0,0.0,1.0,0.0,0.0,0.0,0.0,1.0,0.0,1.0,0.0,1.0,2.0,0.5,2.0,1.5,-1.0,-0.375,0.0,0.0,0.0,0.0,0.0,0.0,0.0,0.0,0.0,0.0,1.0,2.0,0.5,2.0,1.5,-1.0,2.3333333333333335,7,7,0,8,7,8
0.0,1.0,0.0,1.0,1.0,1.0,0.5,0.0,1.0,2.0,0.0,1.0,1.0,0.0,0.0,0.0,0.0,0.0,1.0,1.0,1.0,1.0,1.0,-2.0,2.0,1.0,0.0,1.0,0.5,1.375,1.0,1.0,0.0,0.0,0.0,0.0,0.0,1.0,1.0,1.0,-2.0,2.0,1.0,0.0,1.0,0.5,1.0,12,12,12,15,15,15
0.0,1.0,0.0,0.0,1.0,0.0,0.5,0.5,4.0,2.0,0.0,1.0,1.0,0.0,0.0,0.0,1.0,1.0,0.0,1.0,1.0,1.0,0.0,-1.0,0.0,0.0,1.0,0.5,0.0,-0.125,1.0,1.0,0.0,0.0,0.0,1.0,0.0,0.0,1.0,0.0,-1.0,0.0,0.0,1.0,0.5,0.0,-0.3333333333333333,10,11,12,12,12,12
0.0,1.0,-1.0,1.0,1.0,1.0,0.5,0.0,4.0,2.0,0.0,1.0,0.0,-1.0,0.0,0.0,0.0,0.0,1.0,0.0,1.0,1.0,0.0,1.0,1.0,1.0,0.0,-0.5,-0.5,-0.375,1.0,0.0,-1.0,0.0,0.0,0.0,0.0,1.0,1.0,0.0,1.0,1.0,1.0,0.0,-0.5,-0.5,0.8333333333333334,6,0,0,14,14,15
0.0,1.0,-1.0,1.0,0.0,1.0,0.5,0.5,3.0,3.0,0.0,1.0,0.0,-1.0,0.0,0.0,0.0,0.0,1.0,1.0,1.0,1.0,0.0,1.0,0.0,-0.5,0.0,0.0,0.5,-0.375,1.0,0.0,1.0,0.0,0.0,1.0,0.0,1.0,1.0,0.0,1.0,0.0,0.0,0.0,0.5,0.5,-0.3333333333333333,13,12,12,15,13,13
0.0,1.0,-1.0,1.0,0.0,1.0,0.5,0.5,3.0,3.0,0.0,1.0,0.0,-1.0,0.0,0.0,0.0,0.0,1.0,1.0,1.0,1.0,0.0,1.0,0.0,-0.5,0.0,0.0,0.5,-0.375,1.0,0.0,-1.0,0.0,0.0,0.0,1.0,1.0,1.0,0.0,1.0,0.0,-0.5,0.0,0.0,0.5,0.3333333333333333,13,12,12,14,15,15
0.0,0.0,1.0,1.0,0.0,1.0,-0.5,-1.0,2.0,2.0,0.0,2.0,1.0,1.0,0.0,0.0,1.0,1.0,0.0,0.0,1.0,1.0,1.0,0.0,1.0,0.5,0.0,-0.5,-0.5,-0.375,2.0,1.0,1.0,0.0,0.0,1.0,0.0,0.0,1.0,1.0,0.0,1.0,0.5,0.0,-0.5,-0.5,1.3333333333333333,7,0,0,12,10,11
0.0,1.0,-1.0,1.0,0.0,1.0,-0.5,-1.0,2.0,2.0,0.0,1.0,2.0,-1.0,0.0,0.0,0.0,0.0,0.0,1.0,1.0,1.0,0.0,0.0,0.0,0.0,0.0,-0.5,0.0,0.375,1.0,2.0,-1.0,0.0,0.0,0.0,0.0,0.0,1.0,0.0,0.0,0.0,0.0,0.0,-0.5,0.0,0.8333333333333334,18,18,18,15,16,16
0.0,1.0,0.0,1.0,0.0,1.0,-0.5,0.0,2.0,2.0,0.0,0.0,1.0,-1.0,0.0,0.0,0.0,0.0,0.0,1.0,1.0,1.0,0.0,1.0,-1.0,-0.5,0.0,-0.5,-1.0,0.125,0.0,1.0,-1.0,0.0,0.0,0.0,0.0,0.0,1.0,0.0,1.0,-1.0,-0.5,0.0,-0.5,-1.0,0.0,12,12,13,9,12,13
0.0,1.0,5.0,1.0,0.0,1.0,0.0,-1.0,3.0,3.0,2.0,1.0,0.0,-1.0,3.0,0.0,0.0,0.0,0.0,0.0,0.0,1.0,1.0,1.0,1.0,1.0,4.0,1.5,-1.5,1.625,1.0,0.0,-1.0,3.0,0.0,0.0,0.0,0.0,0.0,1.0,1.0,1.0,1.0,4.0,1.5,-1.5,1.6666666666666667,6,8,8,7,8,5
0.0,1.0,1.0,0.0,1.0,1.0,0.0,0.0,2.0,3.0,0.0,1.0,0.0,0.0,1.0,0.0,1.0,0.0,0.0,1.0,1.0,1.0,1.0,0.0,0.0,0.0,0.0,0.5,0.5,0.625,1.0,0.0,0.0,0.0,0.0,1.0,0.0,0.0,1.0,1.0,0.0,0.0,0.0,0.0,0.5,0.5,1.0,3,5,5,10,9,10
0.0,1.0,-1.0,1.0,0.0,1.0,-1.5,-0.5,2.0,2.0,2.0,1.0,0.0,-1.0,0.0,0.0,0.0,1.0,0.0,0.0,1.0,1.0,0.0,0.0,0.0,-0.5,1.0,1.0,0.5,-0.375,1.0,0.0,-1.0,0.0,0.0,0.0,0.0,0.0,1.0,0.0,0.0,0.0,-0.5,1.0,1.0,0.5,-0.3333333333333333,13,15,15,11,12,11
0.0,1.0,1.0,1.0,0.0,1.0,0.0,-0.5,3.0,2.0,0.0,1.0,1.0,-1.0,1.0,0.0,0.0,0.0,0.0,1.0,0.0,1.0,0.0,0.0,1.0,1.0,1.0,1.0,0.5,-0.375,1.0,1.0,-1.0,0.0,0.0,0.0,0.0,0.0,0.0,0.0,0.0,1.0,1.0,1.0,1.0,0.5,1.0,6,8,8,7,8,7
0.0,1.0,-1.0,1.0,0.0,1.0,0.0,0.0,0.0,2.0,3.0,2.0,2.0,0.0,0.0,1.0,1.0,0.0,0.0,0.0,1.0,1.0,0.0,1.0,0.0,0.0,0.0,0.5,-1.0,0.375,2.0,2.0,0.0,1.0,1.0,1.0,0.0,0.0,1.0,0.0,1.0,0.0,0.0,0.0,0.5,-1.0,0.3333333333333333,7,10,10,9,11,10
0.0,1.0,1.0,1.0,0.0,1.0,-0.5,-1.0,3.0,3.0,2.0,1.0,0.0,-1.0,1.0,0.0,0.0,0.0,0.0,0.0,0.0,1.0,0.0,-1.0,-1.0,1.0,1.0,1.5,0.5,0.125,1.0,0.0,-1.0,2.0,0.0,0.0,0.0,0.0,0.0,0.0,-1.0,-1.0,1.0,1.0,1.5,0.5,0.3333333333333333,6,9,8,7,8,6
0.0,1.0,-1.0,0.0,0.0,1.0,-0.5,-1.0,2.0,2.0,0.0,1.0,1.0,-1.0,0.0,0.0,0.0,0.0,1.0,0.0,1.0,0.0,0.0,-1.0,0.0,-0.5,0.0,0.5,-0.5,-0.375,1.0,1.0,-1.0,0.0,0.0,0.0,0.0,1.0,1.0,0.0,-1.0,0.0,-0.5,0.0,0.5,-0.5,0.0,8,9,8,14,13,12
0.0,1.0,0.0,0.0,0.0,1.0,-0.5,-1.0,2.0,2.0,0.0,1.0,0.0,-1.0,0.0,0.0,0.0,0.0,0.0,0.0,1.0,1.0,0.0,0.0,1.0,-0.5,1.0,1.0,0.5,-0.375,1.0,0.0,-1.0,0.0,0.0,0.0,0.0,0.0,1.0,0.0,0.0,1.0,-0.5,1.0,1.0,0.5,-0.3333333333333333,8,12,12,12,12,13
0.0,1.0,0.0,1.0,1.0,1.0,-1.0,-1.0,1.0,2.0,0.0,1.0,1.0,-1.0,1.0,0.0,1.0,0.0,1.0,1.0,1.0,1.0,0.0,0.0,1.0,0.5,0.0,0.0,0.5,-0.125,1.0,1.0,-1.0,1.0,0.0,1.0,0.0,1.0,1.0,0.0,0.0,1.0,0.5,0.0,0.0,0.5,-0.3333333333333333,7,9,8,9,10,10
0.0,0.0,0.0,1.0,1.0,1.0,0.5,-0.5,4.0,3.0,3.0,1.0,0.0,2.0,0.0,0.0,1.0,1.0,1.0,1.0,1.0,1.0,0.0,0.0,-1.0,0.0,0.0,-0.5,0.0,0.375,1.0,0.0,2.0,0.0,0.0,1.0,0.0,1.0,1.0,0.0,0.0,-1.0,0.0,0.0,-0.5,0.0,0.0,14,12,13,14,15,17
0.0,1.0,2.0,1.0,1.0,0.0,0.5,0.0,3.0,0.0,3.0,1.0,0.0,0.0,0.0,0.0,1.0,0.0,0.0,1.0,1.0,1.0,0.0,0.0,0.0,-1.0,0.0,-0.5,-1.5,1.125,1.0,0.0,0.0,0.0,0.0,1.0,0.0,0.0,1.0,0.0,0.0,0.0,-1.0,0.0,-0.5,-1.5,0.3333333333333333,11,11,11,11,13,14
0.0,1.0,1.0,1.0,0.0,1.0,-0.5,-1.0,2.0,2.0,1.0,1.0,0.0,0.0,0.0,0.0,0.0,0.0,1.0,1.0,1.0,1.0,0.0,1.0,-1.0,0.5,0.0,0.0,0.0,0.625,1.0,0.0,0.0,0.0,0.0,0.0,0.0,1.0,1.0,0.0,1.0,-1.0,0.5,0.0,0.0,0.0,0.0,15,14,14,16,16,16
0.0,0.0,0.0,1.0,1.0,1.0,-0.5,-0.5,3.0,3.0,0.0,0.0,0.0,2.0,0.0,0.0,0.0,1.0,1.0,1.0,1.0,1.0,1.0,-1.0,1.0,-1.0,0.0,-0.5,-1.0,-0.375,0.0,0.0,2.0,0.0,0.0,0.0,0.0,1.0,1.0,1.0,-1.0,1.0,-1.0,0.0,-0.5,-1.0,0.0,10,9,0,10,11,12
0.0,0.0,1.0,1.0,0.0,1.0,0.5,0.0,3.0,2.0,1.0,0.0,0.0,0.0,0.0,0.0,1.0,1.0,0.0,1.0,1.0,1.0,1.0,-1.0,-2.0,-0.5,0.0,0.5,-1.0,2.25,0.0,0.0,0.0,0.0,0.0,1.0,0.0,0.0,1.0,1.0,-1.0,-2.0,-0.5,0.0,0.5,-1.0,0.0,17,18,18,15,15,15
0.0,1.0,1.0,1.0,0.0,1.0,0.5,0.0,4.0,2.0,0.0,1.0,0.0,0.0,0.0,0.0,1.0,1.0,0.0,0.0,1.0,1.0,0.0,0.0,0.0,-0.5,0.0,-0.5,-0.5,-0.125,1.0,0.0,0.0,0.0,0.0,1.0,0.0,0.0,1.0,0.0,0.0,0.0,-0.5,0.0,-0.5,-0.5,0.0,8,8,8,10,10,11
0.0,1.0,1.0,0.0,0.0,1.0,0.0,-0.5,2.0,2.0,0.0,1.0,0.0,1.0,0.0,0.0,0.0,0.0,1.0,0.0,1.0,0.0,0.0,1.0,0.0,-0.5,0.0,-0.5,-0.5,-0.25,1.0,0.0,1.0,0.0,0.0,0.0,0.0,1.0,1.0,0.0,1.0,0.0,-0.5,0.0,-0.5,-0.5,0.0,13,12,12,10,11,12
0.0,0.0,0.0,1.0,0.0,1.0,0.0,0.0,2.0,2.0,1.0,1.0,0.0,1.0,0.0,0.0,0.0,0.0,1.0,0.0,1.0,0.0,0.0,-1.0,-1.0,0.0,0.0,-0.5,0.0,0.125,1.0,0.0,1.0,0.0,0.0,0.0,0.0,1.0,1.0,0.0,-1.0,-1.0,0.0,0.0,-0.5,0.0,0.0,10,9,9,15,12,13
0.0,0.0,1.0,1.0,0.0,1.0,-0.5,-0.5,0.0,3.0,1.0,1.0,0.0,1.0,0.0,0.0,1.0,1.0,1.0,1.0,1.0,1.0,1.0,0.0,0.0,0.0,0.0,-0.5,-0.5,-0.375,1.0,0.0,1.0,0.0,0.0,1.0,0.0,1.0,1.0,1.0,0.0,0.0,0.0,0.0,-0.5,-0.5,-0.3333333333333333,9,10,0,11,12,13
0.0,1.0,1.0,0.0,1.0,0.0,0.0,0.5,2.0,2.0,3.0,1.0,1.0,0.0,0.0,0.0,1.0,1.0,1.0,1.0,1.0,1.0,0.0,0.0,-1.0,1.0,2.0,1.0,-1.5,1.25,1.0,1.0,0.0,0.0,0.0,1.0,0.0,1.0,1.0,0.0,0.0,-1.0,1.0,2.0,1.0,-1.5,0.6666666666666666,17,17,17,15,16,16
0.0,1.0,0.0,1.0,0.0,1.0,0.0,-1.0,3.0,2.0,2.0,1.0,0.0,0.0,0.0,0.0,0.0,1.0,1.0,1.0,1.0,1.0,1.0,1.0,1.0,0.5,2.0,1.0,0.5,-0.125,1.0,0.0,0.0,0.0,0.0,0.0,0.0,1.0,1.0,1.0,1.0,1.0,0.5,2.0,1.0,0.5,-0.3333333333333333,9,9,10,11,11,14
0.0,0.0,1.0,0.0,0.0,1.0,0.5,0.5,4.0,2.0,3.0,1.0,1.0,0.0,0.0,0.0,0.0,1.0,1.0,1.0,1.0,1.0,0.0,0.0,0.0,0.5,1.0,0.0,0.0,0.625,1.0,1.0,0.0,0.0,0.0,0.0,0.0,1.0,1.0,0.0,0.0,0.0,0.5,1.0,0.0,0.0,1.0,12,10,11,10,11,12
0.0,1.0,1.0,1.0,0.0,1.0,0.5,-0.5,1.0,2.0,3.0,0.0,0.0,0.0,0.0,0.0,1.0,1.0,1.0,1.0,1.0,1.0,1.0,1.0,1.0,1.0,0.0,0.5,0.5,0.875,0.0,0.0,0.0,0.0,0.0,1.0,0.0,1.0,1.0,1.0,1.0,1.0,1.0,0.0,0.5,0.5,0.3333333333333333,10,9,10,10,12,14
0.0,0.0,1.0,0.0,0.0,1.0,-0.5,-1.0,2.0,2.0,3.0,1.0,1.0,0.0,0.0,0.0,1.0,0.0,0.0,1.0,0.0,1.0,1.0,0.0,0.0,1.0,0.0,0.0,-0.5,-0.375,1.0,1.0,0.0,0.0,0.0,1.0,0.0,0.0,0.0,1.0,0.0,0.0,1.0,0.0,0.0,-0.5,1.6666666666666667,6,0,0,8,9,10
0.0,0.0,2.0,1.0,0.0,1.0,0.0,0.0,2.0,3.0,1.0,2.0,0.0,0.0,2.0,0.0,1.0,1.0,1.0,1.0,1.0,1.0,0.0,0.0,0.0,1.0,2.0,0.5,0.5,1.5,2.0,0.0,0.0,0.0,0.0,1.0,0.0,1.0,1.0,0.0,0.0,0.0,1.0,2.0,0.5,0.5,2.3333333333333335,9,9,9,11,12,12
0.0,0.0,1.0,1.0,0.0,1.0,-0.5,0.0,2.0,3.0,3.0,0.0,0.0,2.0,0.0,0.0,1.0,1.0,1.0,1.0,1.0,1.0,1.0,0.0,2.0,1.0,0.0,0.5,-1.0,0.125,0.0,0.0,2.0,0.0,0.0,1.0,0.0,1.0,1.0,1.0,0.0,2.0,1.0,0.0,0.5,-1.0,1.3333333333333333,15,14,14,16,16,16
0.0,0.0,1.0,1.0,1.0,1.0,-1.0,-1.0,2.0,2.0,1.0,1.0,1.0,0.0,0.0,0.0,1.0,1.0,0.0,0.0,1.0,0.0,0.0,0.0,1.0,0.0,0.0,-0.5,-0.5,-0.125,1.0,1.0,0.0,0.0,0.0,1.0,0.0,0.0,1.0,0.0,0.0,1.0,0.0,0.0,-0.5,-0.5,0.0,11,11,11,13,13,13
0.0,1.0,0.0,0.0,0.0,1.0,-1.0,-0.5,0.0,0.0,1.0,1.0,0.0,0.0,0.0,0.0,1.0,1.0,1.0,0.0,1.0,0.0,1.0,-1.0,2.0,-0.5,1.0,0.0,-1.5,-0.125,1.0,0.0,0.0,0.0,0.0,1.0,0.0,1.0,1.0,1.0,-1.0,2.0,-0.5,1.0,0.0,-1.5,0.0,15,14,14,16,17,18
0.0,0.0,0.0,1.0,0.0,1.0,-0.5,0.5,0.0,1.0,3.0,1.0,1.0,0.0,0.0,0.0,1.0,1.0,0.0,1.0,1.0,1.0,1.0,0.0,0.0,0.0,0.0,-0.5,-1.5,-0.125,1.0,1.0,0.0,0.0,0.0,1.0,0.0,0.0,1.0,1.0,0.0,0.0,0.0,0.0,-0.5,-1.5,0.6666666666666666,10,10,10,15,16,16
0.0,0.0,0.0,1.0,1.0,1.0,-0.5,-0.5,3.0,2.0,0.0,1.0,1.0,0.0,0.0,1.0,1.0,1.0,0.0,1.0,1.0,1.0,1.0,0.0,1.0,0.5,1.0,0.5,0.5,0.375,1.0,1.0,0.0,0.0,1.0,1.0,0.0,0.0,1.0,1.0,0.0,1.0,0.5,1.0,0.5,0.5,0.6666666666666666,12,12,12,12,12,12
0.0,0.0,1.0,0.0,0.0,0.0,0.0,-0.5,2.0,3.0,1.0,1.0,1.0,0.0,0.0,0.0,0.0,0.0,0.0,0.0,0.0,1.0,1.0,0.0,-2.0,-1.0,0.0,-0.5,0.5,9.0,1.0,1.0,0.0,0.0,0.0,0.0,0.0,0.0,0.0,1.0,0.0,-2.0,-1.0,0.0,-0.5,0.5,2.1666666666666665,10,9,9,12,9,10
0.0,1.0,1.0,1.0,0.0,1.0,0.5,0.5,4.0,3.0,1.0,1.0,1.0,-1.0,0.0,0.0,0.0,1.0,1.0,1.0,1.0,1.0,0.0,-1.0,-1.0,0.5,0.0,1.0,-0.5,2.375,1.0,1.0,-1.0,0.0,0.0,0.0,0.0,1.0,1.0,0.0,-1.0,-1.0,0.5,0.0,1.0,-0.5,0.6666666666666666,9,9,9,11,12,12
0.0,1.0,1.0,1.0,0.0,1.0,0.5,0.5,4.0,3.0,1.0,1.0,1.0,-1.0,0.0,0.0,0.0,1.0,1.0,1.0,1.0,1.0,0.0,-1.0,-1.0,0.5,0.0,1.0,-0.5,2.375,0.0,0.0,0.0,0.0,0.0,1.0,0.0,1.0,1.0,0.0,0.0,0.0,0.0,1.0,0.0,-1.0,-0.3333333333333333,9,9,9,12,12,13
0.0,1.0,1.0,1.0,0.0,1.0,0.5,0.5,4.0,3.0,1.0,0.0,0.0,0.0,1.0,0.0,1.0,0.0,1.0,1.0,1.0,1.0,0.0,0.0,0.0,0.0,1.0,0.0,-1.0,-0.375,1.0,1.0,-1.0,0.0,0.0,0.0,0.0,1.0,1.0,0.0,-1.0,-1.0,0.5,0.0,1.0,-0.5,0.6666666666666666,10,10,0,11,12,12
0.0,1.0,1.0,1.0,0.0,1.0,0.5,0.5,4.0,3.0,1.0,0.0,0.0,0.0,1.0,0.0,1.0,0.0,1.0,1.0,1.0,1.0,0.0,0.0,0.0,0.0,1.0,0.0,-1.0,-0.375,0.0,0.0,0.0,0.0,0.0,1.0,0.0,1.0,1.0,0.0,0.0,0.0,0.0,1.0,0.0,-1.0,-0.3333333333333333,10,10,0,12,12,13
0.0,0.0,1.0,1.0,0.0,1.0,0.5,0.5,1.0,1.0,3.0,0.0,0.0,0.0,1.0,1.0,1.0,0.0,1.0,1.0,1.0,1.0,1.0,-2.0,1.0,0.5,0.0,-0.5,0.0,1.5,0.0,0.0,0.0,1.0,1.0,1.0,0.0,1.0,1.0,1.0,-2.0,1.0,0.5,0.0,-0.5,0.0,0.0,9,8,8,14,12,13
0.0,1.0,1.0,1.0,1.0,1.0,0.5,0.0,4.0,3.0,0.0,1.0,1.0,-1.0,0.0,0.0,0.0,1.0,1.0,1.0,1.0,1.0,0.0,0.0,-1.0,0.0,0.0,0.0,-1.5,0.625,1.0,1.0,-1.0,0.0,0.0,0.0,0.0,1.0,1.0,0.0,0.0,-1.0,0.0,0.0,0.0,-1.5,-0.3333333333333333,10,11,10,10,10,10
0.0,1.0,0.0,1.0,1.0,0.0,0.5,-1.0,3.0,2.0,1.0,1.0,1.0,-1.0,0.0,0.0,0.0,1.0,1.0,1.0,1.0,1.0,1.0,0.0,2.0,0.5,1.0,1.0,0.5,3.375,1.0,1.0,-1.0,0.0,0.0,0.0,0.0,1.0,1.0,1.0,0.0,2.0,0.5,1.0,1.0,0.5,3.3333333333333335,8,8,8,11,11,10
0.0,1.0,0.0,1.0,1.0,0.0,0.0,-0.5,4.0,3.0,1.0,1.0,0.0,-1.0,1.0,0.0,0.0,0.0,0.0,1.0,1.0,1.0,0.0,0.0,1.0,0.5,2.0,1.0,-0.5,2.0,1.0,0.0,-1.0,0.0,0.0,0.0,0.0,0.0,1.0,0.0,0.0,1.0,0.5,2.0,1.0,-0.5,2.6666666666666665,11,9,10,13,13,13
0.0,0.0,1.0,0.0,1.0,1.0,-1.0,-1.0,0.0,2.0,3.0,1.0,1.0,2.0,0.0,0.0,1.0,1.0,1.0,1.0,1.0,0.0,0.0,1.0,-1.0,-0.5,0.0,-0.5,-0.5,-0.25,1.0,1.0,2.0,0.0,0.0,1.0,0.0,1.0,1.0,0.0,1.0,-1.0,-0.5,0.0,-0.5,-0.5,0.0,12,12,12,17,17,18
0.0,0.0,1.0,1.0,0.0,1.0,-1.0,-1.0,2.0,2.0,1.0,1.0,1.0,0.0,0.0,1.0,0.0,0.0,1.0,1.0,1.0,1.0,0.0,1.0,1.0,0.5,0.0,-0.5,0.0,0.125,1.0,1.0,0.0,0.0,1.0,0.0,0.0,1.0,1.0,0.0,1.0,1.0,0.5,0.0,-0.5,0.0,-0.3333333333333333,8,9,10,12,13,13
0.0,0.0,1.0,1.0,0.0,1.0,-1.0,-1.0,2.0,2.0,1.0,1.0,1.0,0.0,0.0,1.0,0.0,0.0,1.0,1.0,1.0,1.0,0.0,1.0,1.0,0.5,0.0,-0.5,0.0,0.125,1.0,1.0,1.0,0.0,0.0,0.0,0.0,1.0,1.0,0.0,0.0,2.0,1.0,0.0,0.0,-1.0,-0.3333333333333333,8,9,10,14,14,14
0.0,0.0,0.0,1.0,0.0,1.0,-0.5,-0.5,2.0,2.0,0.0,1.0,0.0,0.0,0.0,0.0,1.0,0.0,0.0,0.0,1.0,1.0,0.0,1.0,1.0,1.0,0.0,0.0,0.5,0.125,1.0,0.0,0.0,0.0,0.0,1.0,0.0,0.0,1.0,0.0,1.0,1.0,1.0,0.0,0.0,0.5,1.6666666666666667,10,9,11,12,12,14
0.0,1.0,0.0,1.0,0.0,1.0,-1.0,-1.0,2.0,2.0,3.0,0.0,0.0,0.0,0.0,0.0,0.0,1.0,0.0,0.0,1.0,1.0,0.0,0.0,0.0,0.0,0.0,0.0,0.0,-0.125,0.0,0.0,0.0,0.0,0.0,0.0,0.0,0.0,1.0,0.0,0.0,0.0,0.0,0.0,0.0,0.0,-0.3333333333333333,12,10,11,12,12,12
0.0,0.0,1.0,1.0,0.0,1.0,-0.5,-0.5,0.0,0.0,2.0,1.0,0.0,1.0,0.0,0.0,1.0,1.0,0.0,1.0,1.0,1.0,0.0,0.0,0.0,0.0,0.0,0.0,-1.0,0.25,1.0,0.0,1.0,0.0,0.0,1.0,0.0,0.0,1.0,0.0,0.0,0.0,0.0,0.0,0.0,-1.0,-0.3333333333333333,18,18,19,18,18,18
0.0,0.0,0.0,1.0,0.0,1.0,-1.0,-1.0,3.0,4.0,3.0,1.0,0.0,1.0,0.0,0.0,1.0,1.0,0.0,1.0,1.0,1.0,0.0,0.0,0.0,0.0,0.0,-0.5,-0.5,0.375,1.0,0.0,1.0,0.0,0.0,1.0,0.0,0.0,1.0,0.0,0.0,0.0,0.0,0.0,-0.5,-0.5,-0.3333333333333333,13,12,12,13,13,14
0.0,1.0,1.0,1.0,0.0,1.0,-0.5,-1.0,3.0,3.0,3.0,1.0,0.0,1.0,0.0,0.0,0.0,1.0,1.0,1.0,1.0,1.0,0.0,0.0,-1.0,0.5,0.0,0.5,-1.0,0.375,1.0,0.0,1.0,0.0,0.0,0.0,0.0,1.0,1.0,0.0,0.0,-1.0,0.5,0.0,0.5,-1.0,-0.3333333333333333,15,14,14,14,15,15
0.0,1.0,1.0,1.0,1.0,0.0,0.5,0.5,4.0,4.0,3.0,1.0,0.0,0.0,0.0,0.0,1.0,1.0,1.0,1.0,1.0,1.0,0.0,1.0,1.0,0.0,0.0,-0.5,-1.0,0.75,1.0,0.0,0.0,0.0,0.0,1.0,0.0,1.0,1.0,0.0,1.0,1.0,0.0,0.0,-0.5,-1.0,-0.3333333333333333,15,13,15,17,17,17
0.0,1.0,1.0,1.0,0.0,1.0,0.5,-0.5,4.0,2.0,1.0,1.0,0.0,0.0,0.0,0.0,1.0,1.0,1.0,1.0,1.0,1.0,1.0,0.0,0.0,-0.5,0.0,1.0,0.5,1.0,1.0,0.0,0.0,0.0,0.0,1.0,0.0,1.0,1.0,1.0,0.0,0.0,-0.5,0.0,1.0,0.5,0.0,12,11,11,15,16,16
0.0,0.0,0.0,1.0,0.0,1.0,0.5,0.0,1.0,3.0,3.0,1.0,0.0,1.0,0.0,0.0,1.0,1.0,0.0,1.0,1.0,1.0,0.0,0.0,-1.0,-0.5,0.0,0.0,-0.5,-0.375,1.0,0.0,1.0,0.0,0.0,1.0,0.0,0.0,1.0,0.0,0.0,-1.0,-0.5,0.0,0.0,-0.5,-0.3333333333333333,15,15,15,17,18,18
0.0,0.0,0.0,0.0,1.0,1.0,0.0,-1.0,3.0,2.0,3.0,1.0,1.0,2.0,0.0,0.0,1.0,1.0,0.0,1.0,1.0,0.0,0.0,-1.0,-2.0,-0.5,0.0,-0.5,-0.5,0.375,1.0,1.0,2.0,0.0,0.0,1.0,0.0,0.0,1.0,0.0,-1.0,-2.0,-0.5,0.0,-0.5,-0.5,-0.3333333333333333,18,18,18,18,19,19
0.0,1.0,1.0,0.0,1.0,1.0,0.0,-0.5,3.0,2.0,3.0,1.0,1.0,1.0,0.0,0.0,1.0,1.0,1.0,1.0,1.0,1.0,0.0,1.0,1.0,-0.5,0.0,-0.5,0.0,0.625,1.0,1.0,1.0,0.0,0.0,1.0,0.0,1.0,1.0,0.0,1.0,1.0,-0.5,0.0,-0.5,0.0,-0.3333333333333333,14,13,14,14,15,15
0.0,1.0,0.0,1.0,0.0,1.0,0.0,0.0,1.0,2.0,1.0,1.0,0.0,-1.0,0.0,0.0,1.0,1.0,0.0,1.0,1.0,1.0,0.0,0.0,1.0,0.0,0.0,0.5,0.5,0.125,1.0,0.0,-1.0,0.0,0.0,1.0,0.0,0.0,1.0,0.0,0.0,1.0,0.0,0.0,0.5,0.5,-0.3333333333333333,14,12,11,14,15,15
0.0,0.0,2.0,1.0,0.0,1.0,0.5,0.5,1.0,2.0,3.0,2.0,1.0,0.0,0.0,0.0,1.0,1.0,1.0,1.0,1.0,1.0,0.0,-2.0,0.0,0.5,1.0,0.5,-1.0,-0.375,2.0,1.0,0.0,0.0,0.0,1.0,0.0,1.0,1.0,0.0,-2.0,0.0,0.5,1.0,0.5,-1.0,0.0,10,9,0,14,13,13
0.0,0.0,1.0,1.0,1.0,1.0,0.5,0.0,2.0,2.0,1.0,2.0,1.0,0.0,0.0,0.0,1.0,1.0,0.0,1.0,1.0,1.0,1.0,0.0,1.0,1.0,0.0,0.0,-1.0,0.875,2.0,1.0,0.0,0.0,0.0,1.0,0.0,0.0,1.0,1.0,0.0,1.0,1.0,0.0,0.0,-1.0,-0.3333333333333333,10,8,8,13,14,14
0.0,0.0,1.0,1.0,0.0,1.0,0.5,0.0,2.0,2.0,3.0,0.0,0.0,2.0,0.0,0.0,1.0,1.0,0.0,1.0,1.0,1.0,0.0,0.0,0.0,0.0,0.0,-0.5,-0.5,-0.375,0.0,0.0,2.0,0.0,0.0,1.0,0.0,0.0,1.0,0.0,0.0,0.0,0.0,0.0,-0.5,-0.5,-0.3333333333333333,14,13,14,16,17,17
0.0,1.0,1.0,1.0,1.0,1.0,0.5,0.5,4.0,4.0,1.0,1.0,0.0,-1.0,0.0,0.0,1.0,1.0,0.0,1.0,1.0,1.0,1.0,-3.0,1.0,-0.5,1.0,0.0,-1.5,0.25,1.0,0.0,-1.0,0.0,0.0,1.0,0.0,0.0,1.0,1.0,-3.0,1.0,-0.5,1.0,0.0,-1.5,-0.3333333333333333,16,15,16,18,18,17
0.0,0.0,1.0,1.0,1.0,0.0,0.5,0.5,1.0,2.0,1.0,1.0,0.0,0.0,0.0,0.0,1.0,0.0,0.0,1.0,1.0,1.0,1.0,0.0,-1.0,0.5,0.0,-0.5,0.0,1.375,1.0,0.0,0.0,0.0,0.0,1.0,1.0,0.0,1.0,1.0,0.0,-1.0,0.5,0.0,-0.5,0.0,-0.3333333333333333,12,10,11,14,15,15
0.0,1.0,0.0,1.0,1.0,1.0,0.5,0.5,2.0,4.0,1.0,0.0,1.0,-1.0,0.0,0.0,0.0,1.0,0.0,1.0,1.0,1.0,0.0,0.0,-2.0,-1.0,1.0,0.0,0.5,-0.375,0.0,1.0,-1.0,0.0,0.0,0.0,0.0,0.0,1.0,0.0,0.0,-2.0,-1.0,1.0,0.0,0.5,-0.3333333333333333,11,11,10,12,13,13
0.0,0.0,0.0,1.0,0.0,1.0,0.5,-0.5,2.0,2.0,3.0,1.0,1.0,1.0,0.0,0.0,1.0,1.0,0.0,1.0,1.0,1.0,0.0,0.0,0.0,0.0,0.0,-0.5,-0.5,-0.375,1.0,1.0,1.0,0.0,0.0,1.0,0.0,0.0,1.0,0.0,0.0,0.0,0.0,0.0,-0.5,-0.5,-0.3333333333333333,15,12,14,16,16,16
0.0,0.0,0.0,1.0,0.0,1.0,0.0,-0.5,1.0,1.0,3.0,0.0,0.0,2.0,0.0,0.0,1.0,1.0,1.0,0.0,1.0,1.0,0.0,1.0,-1.0,-0.5,0.0,0.0,0.5,-0.375,0.0,0.0,2.0,0.0,0.0,1.0,0.0,1.0,1.0,0.0,1.0,-1.0,-0.5,0.0,0.0,0.5,-0.3333333333333333,17,17,18,18,18,18
0.0,1.0,3.0,1.0,0.0,0.0,0.0,-0.5,3.0,2.0,0.0,2.0,0.0,-1.0,0.0,0.0,0.0,0.0,1.0,1.0,1.0,0.0,0.0,1.0,2.0,0.0,0.0,-0.5,0.5,-0.375,2.0,0.0,-1.0,2.0,0.0,0.0,0.0,1.0,1.0,0.0,1.0,2.0,0.0,0.0,-0.5,0.5,-0.3333333333333333,17,18,18,14,15,15
0.0,1.0,2.0,0.0,0.0,1.0,0.0,0.0,2.0,3.0,3.0,0.0,0.0,0.0,1.0,0.0,0.0,0.0,1.0,1.0,1.0,0.0,1.0,0.0,2.0,0.0,0.0,0.0,0.5,-0.375,0.0,0.0,0.0,0.0,0.0,0.0,0.0,1.0,1.0,1.0,0.0,2.0,0.0,0.0,0.0,0.5,-0.3333333333333333,15,12,12,10,10,11
0.0,0.0,1.0,1.0,0.0,1.0,-0.5,-1.0,3.0,2.0,0.0,1.0,1.0,0.0,0.0,0.0,1.0,1.0,1.0,1.0,1.0,1.0,0.0,1.0,0.0,0.0,0.0,0.0,-1.5,-0.375,1.0,1.0,0.0,0.0,0.0,1.0,0.0,1.0,1.0,0.0,1.0,0.0,0.0,0.0,0.0,-1.5,0.0,8,8,0,12,12,15
0.0,0.0,1.0,1.0,0.0,1.0,0.5,0.0,2.0,2.0,0.0,1.0,0.0,1.0,0.0,0.0,1.0,1.0,1.0,1.0,1.0,1.0,1.0,0.0,0.0,0.5,0.0,-0.5,0.5,0.75,1.0,0.0,1.0,0.0,0.0,1.0,0.0,1.0,1.0,1.0,0.0,0.0,0.5,0.0,-0.5,0.5,0.0,9,10,9,14,15,17
0.0,0.0,0.0,0.0,0.0,1.0,0.0,0.5,0.0,3.0,0.0,0.0,0.0,1.0,0.0,0.0,1.0,1.0,1.0,0.0,1.0,1.0,0.0,0.0,0.0,0.5,1.0,1.5,0.5,-0.375,0.0,0.0,1.0,0.0,0.0,1.0,0.0,1.0,1.0,0.0,0.0,0.0,0.5,1.0,1.5,0.5,0.0,11,11,10,15,15,17
0.0,0.0,1.0,1.0,0.0,1.0,0.5,0.5,4.0,2.0,0.0,1.0,0.0,0.0,0.0,0.0,1.0,1.0,0.0,1.0,1.0,1.0,0.0,0.0,1.0,0.5,2.0,0.5,0.5,-0.125,1.0,0.0,0.0,0.0,0.0,1.0,0.0,0.0,1.0,0.0,0.0,1.0,0.5,2.0,0.5,0.5,-0.3333333333333333,11,11,11,12,11,13
0.0,0.0,0.0,1.0,0.0,0.0,0.5,0.0,3.0,3.0,0.0,1.0,0.0,0.0,0.0,0.0,1.0,1.0,0.0,1.0,1.0,1.0,1.0,1.0,-1.0,-0.5,0.0,0.0,0.5,2.5,1.0,0.0,0.0,0.0,0.0,1.0,0.0,0.0,1.0,1.0,1.0,-1.0,-0.5,0.0,0.0,0.5,2.0,13,13,13,15,14,17
0.0,0.0,0.0,1.0,0.0,1.0,-0.5,-0.5,2.0,2.0,0.0,1.0,0.0,0.0,0.0,0.0,1.0,0.0,0.0,1.0,1.0,0.0,1.0,0.0,-1.0,-0.5,0.0,-0.5,-0.5,1.125,1.0,0.0,0.0,0.0,0.0,1.0,0.0,0.0,1.0,1.0,0.0,-1.0,-0.5,0.0,-0.5,-0.5,0.3333333333333333,11,9,9,14,13,13
0.0,0.0,0.0,0.0,1.0,1.0,-0.5,-0.5,3.0,3.0,0.0,1.0,0.0,1.0,0.0,0.0,1.0,1.0,1.0,1.0,1.0,1.0,0.0,-1.0,0.0,-0.5,1.0,0.0,-0.5,0.0,1.0,0.0,1.0,0.0,0.0,1.0,0.0,1.0,1.0,0.0,-1.0,0.0,-0.5,1.0,0.0,-0.5,-0.3333333333333333,11,11,11,11,11,10
0.0,0.0,0.0,1.0,0.0,1.0,0.0,-1.0,3.0,3.0,0.0,0.0,0.0,1.0,0.0,0.0,1.0,0.0,0.0,0.0,1.0,1.0,0.0,-1.0,1.0,0.0,1.0,0.5,0.5,-0.25,0.0,0.0,1.0,0.0,0.0,1.0,0.0,0.0,1.0,0.0,-1.0,1.0,0.0,1.0,0.5,0.5,-0.3333333333333333,12,14,15,17,18,17
0.0,0.0,0.0,1.0,1.0,1.0,-1.5,-0.5,0.0,0.0,1.0,0.0,1.0,1.0,0.0,0.0,0.0,0.0,0.0,1.0,1.0,1.0,0.0,-1.0,0.0,0.0,1.0,0.5,-1.0,-0.375,0.0,1.0,1.0,0.0,0.0,0.0,0.0,0.0,1.0,0.0,-1.0,0.0,0.0,1.0,0.5,-1.0,-0.3333333333333333,16,15,15,14,14,15
0.0,1.0,1.0,1.0,0.0,1.0,0.5,0.5,2.0,2.0,0.0,1.0,0.0,1.0,0.0,0.0,0.0,0.0,1.0,1.0,1.0,1.0,0.0,0.0,0.0,0.0,1.0,0.0,-0.5,0.0,1.0,0.0,1.0,0.0,0.0,0.0,0.0,1.0,1.0,0.0,0.0,0.0,0.0,1.0,0.0,-0.5,-0.3333333333333333,9,12,11,13,14,13
0.0,1.0,0.0,1.0,0.0,1.0,0.0,0.0,2.0,3.0,3.0,1.0,0.0,-1.0,0.0,0.0,0.0,0.0,1.0,0.0,1.0,1.0,0.0,0.0,0.0,1.0,2.0,1.5,0.5,0.0,1.0,0.0,-1.0,0.0,0.0,0.0,0.0,1.0,1.0,0.0,0.0,0.0,1.0,2.0,1.5,0.5,-0.3333333333333333,14,15,16,17,18,17
0.0,1.0,0.0,0.0,0.0,1.0,-0.5,-0.5,3.0,2.0,0.0,1.0,3.0,-1.0,0.0,0.0,1.0,0.0,0.0,1.0,1.0,1.0,0.0,0.0,1.0,1.0,4.0,1.5,0.0,0.625,1.0,3.0,-1.0,0.0,0.0,1.0,0.0,0.0,1.0,0.0,0.0,1.0,1.0,4.0,1.5,0.0,0.0,11,10,10,11,10,10
0.0,0.0,0.0,1.0,0.0,1.0,0.5,0.5,4.0,3.0,0.0,1.0,0.0,1.0,0.0,0.0,1.0,1.0,1.0,1.0,1.0,1.0,0.0,1.0,1.0,0.5,0.0,0.5,0.0,0.5,1.0,0.0,0.0,0.0,0.0,1.0,1.0,0.0,1.0,1.0,1.0,0.0,-1.0,0.0,1.0,0.5,0.0,10,9,9,11,11,12
0.0,0.0,0.0,1.0,0.0,1.0,0.5,0.5,4.0,3.0,0.0,1.0,0.0,1.0,0.0,0.0,1.0,1.0,1.0,1.0,1.0,1.0,0.0,1.0,1.0,0.5,0.0,0.5,0.0,0.5,1.0,0.0,1.0,0.0,0.0,1.0,0.0,1.0,1.0,0.0,1.0,1.0,0.5,0.0,0.5,0.0,-0.3333333333333333,10,9,9,13,12,13
0.0,0.0,0.0,1.0,0.0,1.0,0.5,0.5,4.0,4.0,0.0,1.0,1.0,1.0,0.0,0.0,1.0,1.0,0.0,0.0,1.0,1.0,1.0,0.0,0.0,0.0,0.0,0.0,0.0,0.125,1.0,1.0,1.0,0.0,0.0,1.0,0.0,0.0,1.0,1.0,0.0,0.0,0.0,0.0,0.0,0.0,0.3333333333333333,14,14,14,15,14,15
0.0,1.0,1.0,1.0,1.0,1.0,-0.5,-0.5,2.0,2.0,0.0,1.0,0.0,2.0,0.0,0.0,1.0,0.0,1.0,1.0,1.0,1.0,0.0,0.0,2.0,1.0,1.0,1.0,0.5,-0.125,1.0,0.0,2.0,0.0,0.0,1.0,1.0,1.0,1.0,0.0,0.0,2.0,1.0,1.0,1.0,0.5,-0.3333333333333333,9,8,8,11,11,12
0.0,0.0,0.0,0.0,0.0,1.0,-0.5,0.5,0.0,2.0,0.0,0.0,0.0,1.0,0.0,0.0,1.0,0.0,0.0,1.0,1.0,1.0,1.0,0.0,1.0,0.0,0.0,-0.5,0.5,0.5,0.0,0.0,1.0,0.0,0.0,1.0,0.0,0.0,1.0,1.0,0.0,1.0,0.0,0.0,-0.5,0.5,-0.3333333333333333,12,14,14,15,15,15
0.0,0.0,1.0,1.0,0.0,1.0,0.0,0.0,3.0,3.0,1.0,1.0,0.0,0.0,0.0,0.0,0.0,0.0,1.0,1.0,1.0,1.0,0.0,1.0,0.0,0.5,0.0,-0.5,0.0,-0.375,1.0,0.0,0.0,0.0,0.0,0.0,0.0,1.0,1.0,0.0,1.0,0.0,0.5,0.0,-0.5,0.0,1.0,7,0,0,10,11,12
0.0,0.0,1.0,1.0,1.0,1.0,-0.5,-0.5,2.0,2.0,1.0,2.0,0.0,0.0,0.0,0.0,0.0,0.0,1.0,0.0,1.0,1.0,1.0,0.0,0.0,0.0,0.0,-0.5,-1.0,-0.375,2.0,0.0,0.0,0.0,0.0,0.0,0.0,1.0,1.0,1.0,0.0,0.0,0.0,0.0,-0.5,-1.0,-0.3333333333333333,8,8,0,10,9,12
0.0,0.0,1.0,0.0,0.0,1.0,-0.5,-0.5,0.0,2.0,0.0,1.0,1.0,2.0,0.0,0.0,0.0,0.0,1.0,1.0,1.0,0.0,0.0,0.0,1.0,0.5,0.0,-0.5,0.0,-0.375,1.0,1.0,2.0,0.0,0.0,0.0,0.0,1.0,1.0,0.0,0.0,1.0,0.5,0.0,-0.5,0.0,0.6666666666666666,10,9,0,14,13,14
0.0,0.0,0.0,1.0,0.0,1.0,0.0,0.5,3.0,2.0,0.0,1.0,0.0,1.0,0.0,0.0,0.0,0.0,0.0,1.0,1.0,1.0,0.0,0.0,1.0,1.0,0.0,0.5,0.5,1.625,1.0,0.0,1.0,0.0,0.0,0.0,0.0,0.0,1.0,0.0,0.0,1.0,1.0,0.0,0.5,0.5,1.0,16,15,15,11,13,14
0.0,0.0,0.0,1.0,0.0,1.0,0.0,-0.5,2.0,2.0,1.0,1.0,0.0,0.0,0.0,0.0,1.0,1.0,0.0,1.0,1.0,1.0,1.0,0.0,0.0,-0.5,1.0,0.5,-1.0,-0.375,1.0,0.0,0.0,0.0,0.0,1.0,0.0,0.0,1.0,1.0,0.0,0.0,-0.5,1.0,0.5,-1.0,-0.3333333333333333,7,8,0,12,13,15
0.0,0.0,1.0,1.0,1.0,1.0,0.0,0.0,3.0,3.0,1.0,1.0,0.0,2.0,0.0,0.0,1.0,0.0,0.0,1.0,1.0,1.0,0.0,1.0,0.0,0.0,0.0,-0.5,-1.5,0.5,1.0,0.0,2.0,0.0,0.0,1.0,0.0,0.0,1.0,0.0,1.0,0.0,0.0,0.0,-0.5,-1.5,0.3333333333333333,16,15,17,14,14,15
0.0,0.0,0.0,0.0,0.0,0.0,0.0,-0.5,2.0,2.0,1.0,1.0,0.0,0.0,0.0,0.0,1.0,1.0,0.0,1.0,1.0,1.0,0.0,0.0,0.0,0.0,1.0,0.5,-1.0,0.125,1.0,0.0,0.0,0.0,0.0,1.0,0.0,0.0,1.0,0.0,0.0,0.0,0.0,1.0,0.5,-1.0,-0.3333333333333333,9,10,10,14,14,16
0.0,1.0,1.0,1.0,1.0,1.0,0.0,0.5,3.0,2.0,1.0,1.0,0.0,0.0,0.0,0.0,0.0,0.0,1.0,1.0,1.0,1.0,1.0,0.0,0.0,0.0,0.0,0.5,0.5,1.0,1.0,0.0,0.0,0.0,0.0,0.0,0.0,1.0,1.0,1.0,0.0,0.0,0.0,0.0,0.5,0.5,0.6666666666666666,16,15,15,16,16,17
0.0,0.0,0.0,1.0,0.0,0.0,-0.5,-0.5,0.0,0.0,1.0,0.0,0.0,0.0,1.0,0.0,1.0,0.0,0.0,1.0,1.0,1.0,1.0,-1.0,0.0,-1.0,0.0,0.0,0.0,-0.375,0.0,0.0,0.0,0.0,0.0,1.0,0.0,0.0,1.0,1.0,-1.0,0.0,-1.0,0.0,0.0,0.0,2.6666666666666665,9,8,0,10,12,14
0.0,0.0,1.0,1.0,0.0,1.0,-0.5,0.0,0.0,2.0,0.0,1.0,0.0,1.0,0.0,0.0,1.0,0.0,0.0,1.0,1.0,1.0,0.0,0.0,0.0,0.0,0.0,0.0,-0.5,0.125,1.0,0.0,1.0,0.0,0.0,1.0,0.0,0.0,1.0,0.0,0.0,0.0,0.0,0.0,0.0,-0.5,-0.3333333333333333,11,10,10,11,12,14
0.0,0.0,1.0,1.0,0.0,1.0,0.0,-0.5,2.0,3.0,2.0,1.0,0.0,1.0,0.0,0.0,0.0,0.0,0.0,1.0,1.0,1.0,1.0,1.0,1.0,0.0,1.0,0.5,-1.5,0.5,1.0,0.0,1.0,0.0,0.0,0.0,0.0,0.0,1.0,1.0,1.0,1.0,0.0,1.0,0.5,-1.5,0.3333333333333333,13,13,14,14,16,17
0.0,1.0,1.0,0.0,0.0,1.0,0.5,0.0,4.0,3.0,0.0,1.0,0.0,1.0,0.0,0.0,0.0,0.0,0.0,1.0,1.0,1.0,1.0,1.0,0.0,-0.5,0.0,0.0,0.0,0.75,1.0,0.0,1.0,0.0,0.0,0.0,0.0,0.0,1.0,1.0,1.0,0.0,-0.5,0.0,0.0,0.0,0.3333333333333333,16,15,16,15,14,17
0.0,1.0,1.0,1.0,0.0,1.0,0.5,0.0,4.0,2.0,0.0,1.0,0.0,1.0,0.0,0.0,1.0,1.0,0.0,1.0,1.0,1.0,1.0,1.0,1.0,1.0,1.0,0.5,0.5,-0.375,1.0,0.0,1.0,0.0,0.0,1.0,0.0,0.0,1.0,1.0,1.0,1.0,1.0,1.0,0.5,0.5,-0.3333333333333333,10,10,9,14,13,14
0.0,0.0,0.0,1.0,0.0,1.0,0.5,0.0,1.0,2.0,3.0,1.0,0.0,1.0,0.0,0.0,1.0,1.0,1.0,1.0,1.0,1.0,1.0,0.0,1.0,0.0,0.0,0.5,0.0,-0.375,1.0,0.0,1.0,0.0,0.0,1.0,0.0,1.0,1.0,1.0,0.0,1.0,0.0,0.0,0.5,0.0,-0.3333333333333333,13,15,15,11,12,13
1.0,1.0,1.0,0.0,0.0,1.0,0.0,-0.5,2.0,2.0,0.0,1.0,1.0,-1.0,1.0,0.0,1.0,0.0,0.0,0.0,1.0,1.0,0.0,-2.0,2.0,1.0,4.0,1.5,0.5,0.875,1.0,1.0,-1.0,0.0,0.0,1.0,0.0,0.0,1.0,0.0,-2.0,2.0,1.0,4.0,1.5,0.5,1.0,11,13,13,9,10,11
1.0,1.0,2.0,0.0,0.0,1.0,-1.0,-1.0,2.0,3.0,1.0,2.0,2.0,0.0,3.0,0.0,0.0,0.0,0.0,1.0,1.0,1.0,0.0,1.0,1.0,0.5,2.0,0.5,-1.0,0.625,2.0,2.0,0.0,1.0,0.0,0.0,0.0,0.0,1.0,0.0,1.0,1.0,0.5,2.0,0.5,-1.0,1.0,8,7,8,10,9,11
1.0,1.0,0.0,1.0,0.0,1.0,0.0,0.0,1.0,2.0,0.0,1.0,1.0,0.0,0.0,0.0,1.0,1.0,0.0,1.0,1.0,1.0,0.0,0.0,2.0,0.5,1.0,0.5,-0.5,-0.125,1.0,1.0,0.0,1.0,0.0,1.0,0.0,0.0,1.0,0.0,0.0,2.0,0.5,1.0,0.5,-0.5,0.3333333333333333,13,13,13,8,9,10
1.0,1.0,1.0,1.0,1.0,1.0,-1.0,0.0,0.0,3.0,0.0,1.0,0.0,-1.0,1.0,0.0,0.0,0.0,0.0,1.0,0.0,1.0,1.0,0.0,0.0,0.0,1.0,0.5,-0.5,0.5,1.0,0.0,-1.0,0.0,0.0,0.0,0.0,0.0,0.0,1.0,0.0,0.0,0.0,1.0,0.5,-0.5,-0.3333333333333333,8,7,8,9,10,9
1.0,1.0,2.0,0.0,0.0,1.0,-1.0,-1.0,2.0,2.0,1.0,2.0,2.0,-1.0,1.0,0.0,1.0,0.0,0.0,1.0,1.0,1.0,0.0,0.0,1.0,0.5,2.0,0.5,0.5,0.125,2.0,2.0,-1.0,1.0,0.0,1.0,0.0,0.0,1.0,0.0,0.0,1.0,0.5,2.0,0.5,0.5,0.3333333333333333,8,8,8,8,9,10
1.0,1.0,0.0,0.0,0.0,1.0,0.5,0.0,3.0,2.0,1.0,1.0,1.0,0.0,0.0,0.0,1.0,1.0,1.0,0.0,1.0,1.0,1.0,0.0,2.0,1.0,0.0,0.5,-1.0,0.125,1.0,1.0,0.0,1.0,0.0,1.0,1.0,1.0,1.0,1.0,0.0,2.0,1.0,0.0,0.5,-1.0,0.3333333333333333,13,11,11,10,11,11
1.0,0.0,1.0,1.0,0.0,1.0,0.0,0.0,3.0,3.0,0.0,0.0,0.0,0.0,0.0,0.0,1.0,0.0,0.0,1.0,1.0,0.0,1.0,1.0,0.0,0.5,0.0,-0.5,0.5,-0.375,0.0,0.0,0.0,0.0,0.0,1.0,0.0,0.0,1.0,1.0,1.0,0.0,0.5,0.0,-0.5,0.5,-0.3333333333333333,10,9,9,10,10,10
1.0,0.0,0.0,0.0,0.0,1.0,0.5,0.5,4.0,3.0,2.0,0.0,1.0,0.0,0.0,0.0,1.0,1.0,1.0,1.0,1.0,1.0,0.0,0.0,0.0,0.0,0.0,0.0,0.5,0.125,0.0,1.0,0.0,0.0,0.0,1.0,1.0,1.0,1.0,0.0,0.0,0.0,0.0,0.0,0.0,0.5,0.0,12,13,13,12,12,12
1.0,0.0,0.0,1.0,1.0,0.0,0.0,-0.5,3.0,2.0,3.0,1.0,1.0,0.0,0.0,0.0,0.0,0.0,0.0,1.0,1.0,0.0,1.0,-3.0,-1.0,0.0,0.0,0.0,0.5,-0.125,1.0,1.0,0.0,0.0,0.0,0.0,0.0,0.0,1.0,1.0,-3.0,-1.0,0.0,0.0,0.0,0.5,-0.3333333333333333,12,12,11,15,14,15
1.0,1.0,1.0,1.0,1.0,1.0,-1.0,-1.0,2.0,3.0,1.0,0.0,1.0,-1.0,0.0,0.0,0.0,0.0,0.0,0.0,1.0,1.0,1.0,-1.0,0.0,-0.5,0.0,0.0,-0.5,0.125,0.0,1.0,-1.0,0.0,0.0,0.0,0.0,0.0,1.0,1.0,-1.0,0.0,-0.5,0.0,0.0,-0.5,0.0,10,10,10,14,13,14
1.0,0.0,1.0,1.0,1.0,1.0,-1.0,-1.0,0.0,3.0,0.0,0.0,1.0,1.0,0.0,0.0,0.0,0.0,0.0,1.0,1.0,1.0,0.0,1.0,0.0,-0.5,0.0,-0.5,0.0,-0.375,0.0,1.0,1.0,0.0,0.0,0.0,0.0,0.0,1.0,0.0,1.0,0.0,-0.5,0.0,-0.5,0.0,-0.3333333333333333,18,16,16,19,17,18
1.0,0.0,1.0,1.0,0.0,1.0,0.0,0.0,3.0,3.0,2.0,1.0,1.0,0.0,0.0,0.0,1.0,0.0,0.0,1.0,1.0,1.0,1.0,0.0,0.0,-0.5,0.0,0.5,-0.5,-0.375,1.0,1.0,0.0,0.0,0.0,1.0,0.0,0.0,1.0,1.0,0.0,0.0,-0.5,0.0,0.5,-0.5,0.6666666666666666,11,11,10,13,12,13
1.0,0.0,0.0,1.0,1.0,1.0,0.5,0.5,0.0,0.0,0.0,1.0,0.0,0.0,0.0,0.0,1.0,1.0,1.0,1.0,1.0,1.0,1.0,-2.0,0.0,0.5,0.0,-0.5,-1.5,-0.375,1.0,0.0,0.0,0.0,0.0,1.0,0.0,1.0,1.0,1.0,-2.0,0.0,0.5,0.0,-0.5,-1.5,0.3333333333333333,16,15,15,15,14,15
1.0,0.0,0.0,0.0,0.0,1.0,-1.0,-0.5,2.0,3.0,0.0,0.0,1.0,0.0,0.0,0.0,0.0,0.0,0.0,0.0,1.0,0.0,0.0,-1.0,-1.0,-0.5,0.0,0.0,-0.5,-0.375,0.0,1.0,0.0,0.0,0.0,0.0,0.0,0.0,1.0,0.0,-1.0,-1.0,-0.5,0.0,0.0,-0.5,-0.3333333333333333,12,11,12,13,13,13
1.0,1.0,1.0,0.0,0.0,1.0,-1.0,0.0,0.0,2.0,0.0,1.0,1.0,0.0,0.0,0.0,1.0,1.0,0.0,1.0,1.0,0.0,0.0,-1.0,0.0,0.5,1.0,1.0,-0.5,0.125,1.0,1.0,0.0,0.0,0.0,1.0,1.0,0.0,1.0,0.0,-1.0,0.0,0.5,1.0,1.0,-0.5,-0.3333333333333333,10,10,10,8,10,9
1.0,1.0,1.0,1.0,1.0,1.0,0.5,0.5,4.0,3.0,2.0,1.0,1.0,1.0,0.0,0.0,0.0,1.0,0.0,1.0,1.0,1.0,1.0,0.0,-1.0,-0.5,1.0,0.0,0.5,-0.375,1.0,1.0,1.0,0.0,0.0,0.0,0.0,0.0,1.0,1.0,0.0,-1.0,-0.5,1.0,0.0,0.5,-0.3333333333333333,13,13,13,15,16,16
1.0,0.0,0.0,0.0,0.0,1.0,-1.0,-1.0,2.0,3.0,3.0,1.0,2.0,-1.0,1.0,0.0,1.0,1.0,0.0,1.0,1.0,1.0,1.0,1.0,-1.0,-1.0,0.0,0.0,-1.5,-0.375,1.0,2.0,-1.0,1.0,0.0,1.0,0.0,0.0,1.0,1.0,1.0,-1.0,-1.0,0.0,0.0,-1.5,-0.3333333333333333,7,6,0,8,8,9
1.0,0.0,1.0,1.0,0.0,1.0,-0.5,0.0,0.0,3.0,0.0,0.0,1.0,-1.0,0.0,0.0,1.0,1.0,0.0,1.0,1.0,1.0,1.0,1.0,-1.0,0.0,0.0,0.0,0.0,-0.375,0.0,1.0,-1.0,0.0,0.0,1.0,0.0,0.0,1.0,1.0,1.0,-1.0,0.0,0.0,0.0,0.0,-0.3333333333333333,11,10,10,10,10,10
1.0,0.0,1.0,0.0,0.0,1.0,0.5,0.5,2.0,4.0,2.0,0.0,2.0,0.0,0.0,0.0,1.0,1.0,0.0,0.0,1.0,1.0,1.0,-1.0,-1.0,-0.5,3.0,0.0,0.5,0.875,0.0,2.0,0.0,0.0,0.0,1.0,0.0,0.0,1.0,1.0,-1.0,-1.0,-0.5,3.0,0.0,0.5,-0.3333333333333333,14,12,11,7,5,0
1.0,1.0,1.0,0.0,1.0,1.0,-1.0,-0.5,0.0,3.0,2.0,0.0,2.0,-1.0,0.0,0.0,1.0,1.0,1.0,1.0,0.0,1.0,1.0,0.0,0.0,0.0,1.0,0.5,-0.5,0.0,0.0,2.0,-1.0,0.0,0.0,1.0,0.0,1.0,0.0,1.0,0.0,0.0,0.0,1.0,0.5,-0.5,0.16666666666666666,14,12,12,9,10,10
1.0,0.0,0.0,1.0,0.0,1.0,-0.5,-0.5,2.0,0.0,1.0,1.0,0.0,1.0,0.0,0.0,0.0,0.0,1.0,1.0,1.0,0.0,1.0,-1.0,1.0,0.0,0.0,-0.5,-0.5,0.625,1.0,0.0,1.0,0.0,0.0,0.0,0.0,1.0,1.0,1.0,-1.0,1.0,0.0,0.0,-0.5,-0.5,1.0,13,11,11,10,11,12
1.0,0.0,0.0,0.0,0.0,1.0,-1.0,-0.5,2.0,2.0,0.0,1.0,0.0,-1.0,0.0,0.0,0.0,0.0,1.0,1.0,1.0,1.0,0.0,-1.0,2.0,1.0,0.0,0.5,-1.5,1.375,1.0,0.0,-1.0,0.0,0.0,0.0,0.0,1.0,1.0,0.0,-1.0,2.0,1.0,0.0,0.5,-1.5,0.3333333333333333,6,5,5,7,8,9
1.0,0.0,1.0,0.0,1.0,1.0,0.5,0.5,2.0,2.0,3.0,1.0,1.0,1.0,0.0,0.0,0.0,0.0,0.0,1.0,1.0,1.0,0.0,1.0,1.0,0.5,0.0,-0.5,-1.5,-0.375,1.0,1.0,1.0,0.0,0.0,0.0,0.0,0.0,1.0,0.0,1.0,1.0,0.5,0.0,-0.5,-1.5,-0.3333333333333333,19,18,19,15,17,17
1.0,0.0,1.0,0.0,0.0,1.0,-1.0,-1.0,2.0,2.0,1.0,1.0,3.0,1.0,0.0,0.0,0.0,0.0,0.0,1.0,1.0,1.0,0.0,0.0,0.0,-0.5,0.0,0.0,0.0,-0.125,1.0,3.0,1.0,0.0,0.0,0.0,0.0,0.0,1.0,0.0,0.0,0.0,-0.5,0.0,0.0,0.0,0.3333333333333333,8,8,10,10,11,12
1.0,0.0,1.0,0.0,1.0,1.0,0.5,0.5,4.0,3.0,0.0,1.0,0.0,0.0,0.0,0.0,0.0,1.0,1.0,1.0,1.0,1.0,0.0,1.0,1.0,0.0,2.0,1.0,-1.0,0.125,1.0,0.0,0.0,0.0,0.0,0.0,0.0,1.0,1.0,0.0,1.0,1.0,0.0,2.0,1.0,-1.0,-0.16666666666666666,8,9,10,13,14,14
1.0,0.0,1.0,1.0,0.0,1.0,0.0,0.0,2.0,2.0,1.0,1.0,0.0,0.0,0.0,0.0,0.0,1.0,0.0,1.0,1.0,1.0,1.0,0.0,-2.0,0.0,0.0,0.0,-1.5,-0.375,1.0,0.0,0.0,0.0,0.0,0.0,0.0,0.0,1.0,1.0,0.0,-2.0,0.0,0.0,0.0,-1.5,-0.16666666666666666,15,15,15,16,16,16
1.0,0.0,0.0,0.0,0.0,1.0,0.0,-1.0,0.0,2.0,3.0,1.0,0.0,0.0,0.0,0.0,1.0,1.0,1.0,0.0,1.0,1.0,0.0,0.0,2.0,0.5,1.0,0.5,-1.5,1.75,1.0,0.0,0.0,0.0,0.0,1.0,0.0,1.0,1.0,0.0,0.0,2.0,0.5,1.0,0.5,-1.5,1.3333333333333333,10,10,10,8,9,9
1.0,1.0,1.0,1.0,0.0,1.0,0.5,0.5,4.0,4.0,1.0,0.0,0.0,0.0,0.0,0.0,0.0,1.0,1.0,0.0,1.0,1.0,0.0,-1.0,-1.0,0.5,0.0,1.0,-1.0,0.125,0.0,0.0,0.0,0.0,0.0,0.0,0.0,1.0,1.0,0.0,-1.0,-1.0,0.5,0.0,1.0,-1.0,0.3333333333333333,15,14,14,17,18,19
1.0,1.0,1.0,0.0,0.0,1.0,-0.5,-1.0,2.0,2.0,2.0,1.0,1.0,-1.0,0.0,0.0,0.0,0.0,1.0,0.0,1.0,1.0,1.0,0.0,1.0,0.0,0.0,0.5,0.5,0.25,1.0,1.0,-1.0,0.0,0.0,0.0,0.0,1.0,1.0,1.0,0.0,1.0,0.0,0.0,0.5,0.5,-0.3333333333333333,7,6,7,7,7,0
1.0,1.0,0.0,1.0,0.0,1.0,-0.5,0.0,2.0,3.0,1.0,0.0,1.0,0.0,0.0,0.0,0.0,0.0,1.0,1.0,1.0,1.0,0.0,0.0,1.0,0.0,0.0,-0.5,-0.5,-0.125,0.0,1.0,0.0,0.0,0.0,0.0,0.0,1.0,1.0,0.0,0.0,1.0,0.0,0.0,-0.5,-0.5,0.3333333333333333,11,11,10,14,15,16
1.0,1.0,2.0,0.0,0.0,1.0,-1.0,-1.0,2.0,3.0,2.0,1.0,1.0,-1.0,1.0,0.0,0.0,0.0,0.0,1.0,1.0,0.0,0.0,0.0,0.0,-0.5,0.0,0.5,0.5,-0.375,1.0,1.0,-1.0,1.0,0.0,0.0,0.0,0.0,1.0,0.0,0.0,0.0,-0.5,0.0,0.5,0.5,-0.3333333333333333,6,5,0,5,8,0
1.0,1.0,1.0,0.0,0.0,1.0,0.5,-0.5,2.0,2.0,1.0,0.0,1.0,-1.0,1.0,0.0,0.0,1.0,0.0,1.0,1.0,0.0,0.0,1.0,1.0,0.0,3.0,0.5,-0.5,1.375,0.0,1.0,-1.0,1.0,0.0,0.0,1.0,0.0,1.0,0.0,1.0,1.0,0.0,3.0,0.5,-0.5,-0.3333333333333333,6,5,5,7,7,0
1.0,0.0,1.0,0.0,0.0,1.0,-0.5,-0.5,0.0,2.0,2.0,1.0,1.0,1.0,0.0,0.0,0.0,1.0,0.0,1.0,1.0,0.0,0.0,1.0,0.0,0.0,0.0,0.5,0.0,-0.125,1.0,1.0,1.0,0.0,0.0,0.0,0.0,0.0,1.0,0.0,1.0,0.0,0.0,0.0,0.5,0.0,-0.3333333333333333,10,9,10,14,17,15
1.0,0.0,1.0,0.0,0.0,1.0,0.5,0.5,4.0,0.0,3.0,1.0,2.0,-1.0,0.0,0.0,1.0,1.0,1.0,1.0,1.0,1.0,1.0,0.0,1.0,0.0,1.0,0.0,0.5,0.5,1.0,2.0,-1.0,0.0,0.0,1.0,0.0,1.0,1.0,1.0,0.0,1.0,0.0,1.0,0.0,0.5,0.3333333333333333,6,5,6,7,9,10
1.0,0.0,2.0,0.0,0.0,1.0,-0.5,0.0,3.0,2.0,0.0,1.0,0.0,1.0,1.0,0.0,0.0,0.0,1.0,0.0,1.0,1.0,0.0,1.0,1.0,-0.5,0.0,0.0,0.5,-0.375,1.0,0.0,1.0,1.0,0.0,0.0,0.0,1.0,1.0,0.0,1.0,1.0,-0.5,0.0,0.0,0.5,0.3333333333333333,7,5,0,10,11,10
1.0,0.0,1.0,1.0,1.0,1.0,0.0,-1.0,4.0,3.0,0.0,1.0,0.0,0.0,0.0,0.0,1.0,1.0,0.0,1.0,1.0,1.0,0.0,0.0,0.0,0.5,0.0,-0.5,-1.5,-0.375,1.0,0.0,0.0,0.0,0.0,1.0,0.0,0.0,1.0,0.0,0.0,0.0,0.5,0.0,-0.5,-1.5,0.3333333333333333,7,9,8,15,15,16
1.0,0.0,1.0,1.0,0.0,1.0,-1.0,-1.0,2.0,2.0,0.0,1.0,1.0,0.0,1.0,0.0,0.0,0.0,1.0,1.0,1.0,0.0,0.0,-3.0,-2.0,-1.0,0.0,-0.5,0.5,-0.375,1.0,2.0,0.0,2.0,0.0,0.0,0.0,1.0,1.0,1.0,-1.0,1.0,0.5,1.0,0.0,0.5,0.16666666666666666,6,5,0,7,8,7
1.0,0.0,1.0,1.0,0.0,1.0,-1.0,-1.0,2.0,2.0,0.0,1.0,1.0,0.0,1.0,0.0,0.0,0.0,1.0,1.0,1.0,0.0,0.0,-3.0,-2.0,-1.0,0.0,-0.5,0.5,-0.375,1.0,1.0,0.0,0.0,0.0,0.0,0.0,1.0,1.0,0.0,-3.0,-2.0,-1.0,0.0,-0.5,0.5,0.6666666666666666,6,5,0,11,12,9
1.0,1.0,0.0,1.0,1.0,1.0,0.0,-1.0,3.0,3.0,0.0,1.0,1.0,-1.0,0.0,0.0,0.0,0.0,0.0,0.0,1.0,1.0,0.0,-2.0,1.0,1.0,2.0,1.0,-1.0,0.0,1.0,1.0,-1.0,0.0,0.0,0.0,0.0,0.0,1.0,0.0,-2.0,1.0,1.0,2.0,1.0,-1.0,0.6666666666666666,14,16,16,10,10,10
1.0,1.0,1.0,0.0,1.0,1.0,0.0,-0.5,3.0,2.0,0.0,1.0,2.0,-1.0,0.0,0.0,0.0,0.0,0.0,0.0,1.0,1.0,0.0,0.0,1.0,-1.0,2.0,1.0,0.5,-0.375,1.0,2.0,-1.0,0.0,0.0,0.0,0.0,0.0,1.0,0.0,0.0,1.0,-1.0,2.0,1.0,0.5,0.3333333333333333,11,12,10,10,11,11
